title,views
God's Plan,8916279.0
SICKO MODE (Ft. Drake),8789553.0
Work (Ft. Drake),7813832.0
"Fuckin' Problems (Ft. 2 Chainz, Drake & Kendrick Lamar)",7654950.0
In My Feelings,7313804.0
Hotline Bling,6782888.0
One Dance (Ft. Kyla & Wizkid),5928631.0
"Hold On, We're Going Home (Ft. Majid Jordan)",5430034.0
Know Yourself,5123526.0
Back to Back,4927250.0
"Father Stretch My Hands, Pt. 1",4530235.0
Poetic Justice (Ft. Drake),4444541.0
All Me (Ft. 2 Chainz & Big Sean),3973348.0
From Time (Ft. Jhené Aiko),3741200.0
Fake Love,3722424.0
0 to 100 / The Catch Up,3662733.0
The Motto (Ft. Lil Wayne),3477795.0
Pound Cake / Paris Morton Music 2 (Ft. JAY-Z),3460612.0
"Only (Ft. Chris Brown, Drake & Lil Wayne)",3425803.0
Started from the Bottom,3393690.0
Jumpman,3212868.0
Blessings (Ft. Drake & Kanye West),3165605.0
Marvin's Room,3074338.0
Marvin's Room,3074338.0
HYFR (Ft. Lil Wayne),3013762.0
Love Me (Ft. Drake & Future),2985644.0
Passionfruit,2905785.0
Nice For What,2896884.0
Versace (Remix) (Ft. Drake),2841690.0
Child's Play,2737656.0
Energy,2735150.0
Too Good (Ft. Rihanna),2678019.0
Furthest Thing,2627847.0
Jungle,2560285.0
Over My Dead Body,2476022.0
My Way (Remix) (Ft. Drake),2460353.0
Yes Indeed,2399997.0
Worst Behavior,2379021.0
Come and See Me (Ft. Drake),2373341.0
Truffle Butter (Ft. Drake & Lil Wayne),2345437.0
Summer Sixteen,2323867.0
The Language,2307945.0
Girls Love Beyoncé (Ft. James Fauntleroy),2246579.0
How Bout Now,2155377.0
Life Is Good (Ft. Drake),2138292.0
No Lie (Ft. Drake),2123038.0
Too Much,2120173.0
Shot for Me,2079360.0
Nonstop,2051862.0
Believe Me (Ft. Drake),2047032.0
Legend,2019575.0
Portland (Ft. Quavo & Travis Scott),2017026.0
Forever,1955513.0
Controlla,1935778.0
Gyalchester,1916131.0
Mine (Ft. Drake),1910251.0
U With Me?,1902662.0
Headlines,1889142.0
Recognize (Ft. Drake),1886179.0
I'm Upset,1860237.0
Own It (Ft. PARTYNEXTDOOR),1852044.0
For Free (Ft. Drake),1849007.0
Fire & Desire,1841719.0
Doing It Wrong,1821453.0
Crew Love (Ft. The Weeknd),1811558.0
Look What You've Done,1783875.0
Wu-Tang Forever,1782916.0
R.I.C.O. (Ft. Drake),1775855.0
Do Not Disturb,1774826.0
No Frauds,1772331.0
Teenage Fever,1753893.0
Stay Schemin' (Ft. Drake & French Montana),1748552.0
Anaconda,1742984.0
Take Care (Ft. Rihanna),1731313.0
"Pop That (Ft. Drake, Lil Wayne & Rick Ross)",1699297.0
Diced Pineapples (Ft. Drake & Wale),1698071.0
The Motion (Ft. Sampha),1681741.0
No Guidance (Ft. Drake),1670457.0
Free Smoke,1659116.0
Sneakin' (Ft. 21 Savage),1623948.0
Duppy Freestyle,1608680.0
Going Bad (Ft. Drake),1607040.0
Connect,1595082.0
Feel No Ways,1593117.0
Come Thru,1586521.0
Look Alive (Ft. Drake),1562925.0
Tuscan Leather,1545298.0
"No New Friends (Ft. Drake, Lil Wayne & Rick Ross)",1542983.0
6 God,1528385.0
Charged Up,1499149.0
Facts (Charlie Heat Version),1496948.0
Right Hand,1480142.0
Emotionless,1467531.0
5 AM in Toronto,1464640.0
All of the Lights,1457572.0
Best I Ever Had,1454460.0
Company (Ft. Travis Scott),1450299.0
Chicago Freestyle (Ft. GIVĒON),1446282.0
Walk It Talk It (Ft. Drake),1439509.0
10 Bands,1431738.0
Trophies,1417701.0
The Real Her (Ft. André 3000 & Lil Wayne),1369805.0
Toosie Slide,1363760.0
War,1313476.0
Money in the Grave (Ft. Rick Ross),1307957.0
Keep the Family Close,1300561.0
Diamonds Dancing,1296661.0
Days in the East,1293475.0
Where Ya At (Ft. Drake),1291401.0
9,1288939.0
Who Do You Love? (Ft. Drake),1285094.0
Blem,1284629.0
Signs,1276838.0
100 (Ft. Drake),1272547.0
Tuesday (Ft. Drake),1269400.0
Hate Sleeping Alone,1264818.0
Laugh Now Cry Later (Ft. Lil Durk),1256091.0
"I’m On One (Ft. Drake, Lil Wayne & Rick Ross)",1253749.0
KMT (Ft. Giggs),1223143.0
Only You Freestyle,1207463.0
The Zone (Ft. Drake),1201996.0
Views,1197454.0
Yikes,1194454.0
Redemption,1186464.0
Faithful (Ft. ​dvsn & Pimp C),1173535.0
Sacrifices (Ft. 2 Chainz & Young Thug),1169439.0
BedRock (Ft. Lloyd),1155660.0
MÍA (Ft. Drake),1152585.0
She Will (Ft. Drake),1152240.0
30 Hours,1147128.0
Star67,1126926.0
Wants and Needs (Ft. Lil Baby),1123725.0
6PM in New York,1121164.0
Both (Ft. Drake),1105358.0
Mob Ties,1094101.0
Under Ground Kings,1091896.0
GREECE (Ft. Drake),1062696.0
Big Rings,1059679.0
6 Man,1055847.0
Scholarships,1034007.0
Diplomatic Immunity,1032199.0
Preach (Ft. PARTYNEXTDOOR),1031048.0
Weston Road Flows,1030470.0
Cameras,1023621.0
With You (Ft. PARTYNEXTDOOR),1022402.0
Digital Dash,1017656.0
Trust Issues,1012179.0
No Tellin',1007537.0
305 to My City (Ft. Detail),1000295.0
Draft Day,996569.0
"Two Birds, One Stone",984637.0
Jaded,977808.0
Used To (Ft. Lil Wayne),975472.0
Pop Style,972403.0
Practice,972287.0
Drama (Ft. Drake),969061.0
POPSTAR (Ft. Drake),966944.0
Lord Knows (Ft. Rick Ross),962888.0
Odio (Ft. Drake),946835.0
Don't Matter to Me,943747.0
Pop Style (Single Version) (Ft. JAY-Z & Kanye West),917554.0
Used to This (Ft. Drake),917180.0
Miss Me (Ft. Lil Wayne),910659.0
4PM in Calabasas,905008.0
Amen (Ft. Drake),900671.0
Hype,895348.0
30 for 30 Freestyle,894077.0
Good Ones Go (Interlude),883333.0
In the Morning (Ft. Drake),870085.0
Girls Need Love (Remix),862221.0
Make Me Proud (Ft. Nicki Minaj),852000.0
You & The 6,847519.0
No Stylist (Ft. Drake),846615.0
Lose You,842039.0
No Shopping (Ft. Drake),837184.0
Buried Alive Interlude (Ft. Kendrick Lamar),820334.0
Madonna,809567.0
Right Above It (Ft. Drake),802705.0
Over,802321.0
Still Here,798882.0
Now & Forever,794648.0
We'll Be Fine (Ft. Birdman),771657.0
Sweeterman (Remix),755567.0
Ice Melts (Ft. Young Thug),747764.0
The Ride (Ft. The Weeknd),735042.0
Lemon Pepper Freestyle (Ft. Rick Ross),732015.0
No Long Talk (Ft. Giggs),720226.0
Club Paradise,717311.0
DnF (Ft. Drake & Future),715216.0
What's My Name? (Ft. Drake),714039.0
Light Up (Ft. JAY-Z),706913.0
8 Out of 10,698732.0
That's How You Feel,689515.0
Elevate,681679.0
4422 (Ft. Sampha),674884.0
Change Locations,669677.0
Behind Barz (Link Up TV Freestyle),668661.0
Live from the Gutter,666090.0
Live For (Ft. Drake),660807.0
Survival,657748.0
Pain 1993 (Ft. Playboi Carti),657537.0
Talk Up (Ft. JAY-Z),652779.0
No Complaints (Ft. Drake & Offset),652083.0
Seeing Green,644186.0
Moment 4 Life (Ft. Drake),641536.0
Can’t Take a Joke,618880.0
Can't Have Everything,616980.0
We Made It Freestyle (Ft. Soulja Boy),615095.0
Finesse,614825.0
When To Say When,613935.0
March 14,612823.0
Can I (Ft. Beyoncé),610671.0
Get It Together (Ft. Black Coffee & Jorja Smith),607397.0
Sandra's Rose,602419.0
Fancy (Ft. Swizz Beatz & T.I.),601804.0
Desires (Ft. Future),592577.0
Omertà,586935.0
Never Recover,576514.0
Blue Tint,572284.0
2 On / Thotful (Ft. Drake),570376.0
I'm the Plug,566662.0
Dreams Money Can Buy,566323.0
Aston Martin Music (Ft. Chrisette Michele & Drake),561352.0
Summer Games,560172.0
"Deuces (Remix) (Ft. André 3000, Drake, Fabolous, Kanye West, Rick Ross & T.I.)",557420.0
Buy a Heart (Ft. Meek Mill),554938.0
Jorja Interlude (Ft. Jorja Smith),549066.0
Jodeci Freestyle (Ft. J. Cole),528531.0
Wednesday Night Interlude (Ft. PARTYNEXTDOOR),525342.0
Up All Night (Ft. Nicki Minaj),517401.0
Since Way Back (Ft. PARTYNEXTDOOR),514431.0
Plastic Bag,509719.0
Gold Roses (Ft. Drake),507042.0
Fireworks (Ft. Alicia Keys),504835.0
Madiba Riddim,504526.0
Is There More,503272.0
Not Nice,500879.0
Glow (Ft. Kanye West),492123.0
My Side,490400.0
Why You Always Hatin? (Ft. Drake & Kamaiyah),487979.0
Wanna Know (Remix) (Ft. Drake),474425.0
Paris Morton Music,459851.0
Grammys (Ft. Future),458048.0
Successful (Ft. Lil Wayne & Trey Songz),456065.0
You're Mines Still (Remix) (Ft. Drake),455377.0
What's Next,446290.0
Peak,445403.0
Time Flies,444675.0
November 18th,444362.0
Shut It Down (Ft. The-Dream),443130.0
Over Here (Ft. Drake),436696.0
Come Closer (Ft. Drake),432990.0
The Resistance,432542.0
After Dark (Ft. Static Major & Ty Dolla $ign),410854.0
Final Fantasy,406700.0
Heat of the Moment,404472.0
Schemin' Up (Ft. Drake & Preme),394425.0
Grindin' (Ft. Drake),386176.0
Nothings Into Somethings,385241.0
9AM in Dallas,385179.0
Summers Over Interlude (Ft. Majid Jordan),379763.0
It's Good (Ft. Drake & Jadakiss),379059.0
Say What's Real,365323.0
Thank Me Now,364763.0
Mr. Right Now (Ft. Drake),363492.0
Losses,363202.0
Ratchet Happy Birthday,362889.0
Controlla (Leak) (Ft. Popcaan),361784.0
Big Amount (Ft. Drake),358118.0
Free Spirit (Ft. Rick Ross),354436.0
The Motto (Remix) (Ft. Lil Wayne & Tyga),343066.0
Family Feud (Ft. Drake),342418.0
"Every Girl (Ft. Drake, Gudda Gudda, Jae Millz, Lil Wayne & Mack Maine)",338815.0
Fear,338523.0
"Life Is Good (Remix) (Ft. DaBaby, Drake & Lil Baby)",333779.0
Find Your Love,331769.0
Not You Too (Ft. Chris Brown),330951.0
Solid (Ft. Drake),330932.0
Skepta Interlude (Ft. Skepta),330155.0
Karaoke,324623.0
Uptown (Ft. Bun B & Lil Wayne),311385.0
Enough Said (Ft. Drake),309881.0
Live Up to My Name,308241.0
Unforgettable (Ft. Jeezy),300771.0
"100it Racks (Ft. 2 Chainz, Drake & Future)",300341.0
You da Baddest (Ft. Nicki Minaj),297031.0
LOYAL (Ft. Drake),295691.0
Lemon [Drake Remix] (Ft. Drake),293881.0
Demons (Ft. Fivio Foreign & Sosa Geek),291977.0
Issa (Ft. Drake & Young Thug),288583.0
Oprah's Bank Account (Ft. Drake),286488.0
Ransom (Ft. Lil Wayne),284394.0
D4L,283606.0
No Guns Allowed (Ft. Cori B. & Drake),283078.0
Sh!t (Remix) (Ft. Drake & Juicy J),275049.0
To the Max (Ft. Drake),270800.0
Un-thinkable (I'm Ready) [Remix] (Ft. Drake),270489.0
Show Me a Good Time,269075.0
Marvins Room (Can't Do Better),265839.0
July (Ft. Drake),260635.0
From Florida With Love,257146.0
Behind Barz,253303.0
Little Bit (Ft. Lykke Li),249126.0
Houstatlantavegas,241087.0
Having Our Way (Ft. Drake),240724.0
Bria's Interlude (Ft. Omarion),235671.0
My Love (Ft. Drake),231556.0
The Calm,231231.0
Deep Pockets,228220.0
I'm Goin In (Ft. Jeezy & Lil Wayne),225801.0
Shot Clock,223838.0
I Get Lonely,222246.0
Landed,220491.0
HUNCHO DREAMS,220480.0
I Do It (Ft. Drake & Lil Wayne),216691.0
Views From The 6,215215.0
Not Around,213484.0
Ignant Shit (Ft. Lil Wayne),207963.0
Bigger Than You (Ft. Drake & Quavo),206061.0
FLIP THE SWITCH (Ft. Drake),204494.0
"Champion (Ft. Drake, Jeezy & Nas)",204296.0
"All of the Lights (Remix) (Ft. Big Sean, Drake & Lil Wayne)",204040.0
Made Men (Ft. Drake),195393.0
Us (Ft. Drake & Lil Reese),194106.0
Right Here (Ft. Drake),192309.0
Jungle,191604.0
Don't Run,191552.0
Sooner Than Later,190834.0
Where Were You (Ft. Colin Munroe & Dawn Richard),185578.0
Cabaret (Ft. Drake),183729.0
Mr. Wrong (Ft. Drake),176253.0
Money to Blow (Ft. Drake & Lil Wayne),176084.0
Un-Thinkable (I'm Ready),174450.0
Brand New,174429.0
Tony Montana (Ft. Drake),173983.0
B.B. King Freestyle (Ft. Drake),173755.0
Say Something (Ft. Drake),164618.0
Closer to My Dreams (Ft. Andreena Mill),160248.0
Lust for Life,158465.0
Wasting Time (Ft. Drake),157726.0
Outta Time (Ft. Drake),156988.0
Back on Road,155475.0
Ojuelegba (Remix) (Ft. Drake & Skepta),153890.0
Need Me (Lotta 42),153639.0
With You (Ft. Drake),149890.0
Still Got It (Ft. Drake),147971.0
On a Wave,147715.0
Bring It Back (Ft. Drake),142571.0
Finesse,142564.0
Still Fly Freestyle,142307.0
Pistols,142227.0
Won’t Be Late (Ft. Drake),137225.0
Good Girls Go Bad (Ft. Drake),137114.0
Freak In You (Remix) (Ft. Drake),137057.0
Never Satisfied (Ft. Drake),135803.0
Congratulations,132958.0
Big Mood,132280.0
Gonorrhea (Ft. Drake),128417.0
LOYAL (Remix) (Ft. Bad Bunny & Drake),127733.0
Round of Applause (Ft. Drake),124045.0
"Know Bout Me (Ft. Drake, James Fauntleroy & JAY-Z)",123853.0
Trophies (Remix),123561.0
Fo' Real (Ft. Drake),122852.0
Both (Remix) (Ft. Drake & Lil Wayne),122376.0
In the Cut (Ft. Roddy Ricch),122373.0
Tell Your Friends (Remix) (Ft. Drake),119923.0
Waiting Up (Ft. Drake),119033.0
Hittas,117340.0
Same Mistakes (Fall For Your Type),115930.0
Fuckin' Problem (Ft. Euro & Kidd Kidd),115304.0
Cece's Interlude,115292.0
On My Way (Ft. James Fauntleroy),115178.0
Fall for Your Type (Ft. Drake),112856.0
"You Know, You Know",108880.0
Let's Call It Off (Ft. Peter Bjorn and John),106330.0
The Life of Pablo Studio Notepad,104180.0
Over the Top (Ft. Drake),102951.0
Trust Issues,101231.0
My Chargie (Ft. Drake),99913.0
Off That (Ft. Drake),98606.0
Wildfire,96594.0
One Life,96365.0
A Night Off (Ft. Lloyd),95156.0
Days in the West,94707.0
Killer (Ft. Drake),94597.0
Best I Ever Had (Remix),94577.0
4 My Town (Play Ball) (Ft. Drake & Lil Wayne),93578.0
Replacement Girl (Ft. Trey Songz),91568.0
Zodiac Sign (Ft. Jessie Reyez),89941.0
Trust Issues (Remix) (Ft. Drake),88097.0
Messages From You,87291.0
Tell Me Why (Ft. Drake),85732.0
We In This Bitch 1.5 (Ft. Drake & Future),85202.0
Come Winter,85131.0
I'm Ready For You,84272.0
Dizaster vs DNA (Ft. Dizaster & DNA (Battle Rapper)),83793.0
Unstoppable (Ft. Lil Wayne & Santigold),81584.0
What If I Kissed You,80114.0
I Invented Sex (Ft. Drake),79914.0
Ela É do Tipo (Remix) (Ft. Drake),79343.0
Wildfire (OVO Remix) (Ft. Drake & Little Dragon),77616.0
Throw It In The Bag (Remix) (Ft. Drake & The-Dream),77208.0
Something,75647.0
Where to Now,75438.0
Vital,75396.0
Poppin Bottles (Ft. Drake),72219.0
20 Hoes (Remix)* (Ft. Drake & Young Thug),70920.0
Up Now (Ft. G-Eazy & Rich The Kid),70804.0
Thank You Letter,70438.0
Lie To Me,69544.0
A.D.I.D.A.S.,68877.0
"Pass the Dutch (Ft. Drake, Fre$h (Short Dawg), Gudda Gudda & Lil Wayne)",68510.0
City Is Mine,68416.0
These Days (Ft. Babeo Baggins),68051.0
OVO Sound Radio Episode 32 Tracklist,67820.0
Fire in the Booth,67166.0
Comeback Season,66392.0
The Winner,64829.0
​hotline bling,63466.0
Aston Martin Music (Extended Mix) (Ft. Chrisette Michele & Drake),62582.0
Made (Ft. Drake),61637.0
Put It Down (Ft. Drake),61010.0
Do It All,60863.0
Wu-Tang Forever (Remix) (Ft. A$AP Rocky),60841.0
The Presentation,60503.0
Tryna Fuck (Ft. Drake & Ty Dolla $ign),60033.0
Work (Ft. Drake),59769.0
Real Bad Karma (Ft. Bryson Tiller),59606.0
Going in for Life,58521.0
ALL I NEED (Ft. Drake),58202.0
Born 2 Be Great,58198.0
Crew Love (Demo),57679.0
Clique/Fuckin' Problem,57611.0
Number 15 (Ft. Drake),57183.0
Facts,57112.0
R.I.P. (Ft. Tinie Tempah),56838.0
TWIST & TURN (Ft. Drake & PARTYNEXTDOOR),56584.0
OVO Sound Radio Episode 7 Tracklist,56453.0
More Ready (Ft. D'African & PARTYNEXTDOOR),56326.0
Deceiving,56050.0
No Guidance (Remix),55185.0
"I Do (Remix) (Ft. André 3000, Drake & JAY-Z)",54776.0
Talk Is Cheap (Ft. Aaliyah & Static Major),54170.0
Talk to Me (Ft. Drake),53113.0
Hotline Bling,52295.0
Lucky Lefty,52205.0
Go Out Tonight,51991.0
3 On (Ft. Drake & Tinashe),51901.0
Like I’m Supposed To/Do Things,51725.0
Would You Love Me (Ft. Uness),51678.0
A Little Favour (GQ Freestyle),51524.0
Celebration (Ft. Drake),51236.0
Yamaha Mamma (Ft. Chris Brown),49376.0
Cel U Lar Device,48661.0
Stuntin (Ft. Drake),48615.0
Fair Trade,47466.0
A Scorpio's Mind (Ft. Nickelus F),47411.0
Smile (Ft. Voyce),47324.0
Keep Calm,45862.0
My Darlin Baby (Ft. Drake),45818.0
Get Over It,45767.0
What a Time to be a Slime,45334.0
Fall For Your Type,42779.0
I Could Never (Ft. Jorja Smith),42692.0
Man of the Year (Ft. Lil Wayne),42499.0
Think Good Thoughts (Ft. ​eLZhi & Phonte),42273.0
Do It Now,42122.0
Digital Girl (Remix) (Ft. Drake & Kanye West),41751.0
"Fed Up (Ft. Drake, Jeezy, Lil Wayne, Rick Ross & Usher)",41349.0
Loving You No More (Ft. Dirty Money),41293.0
Good Night and Good Luck,40794.0
"Finale (Ft. Drake, Gudda Gudda, Jae Millz, Lil Chuckee, Lil Twist, Lil Wayne, Mack Maine, Nicki Minaj, Shanell, T-Streets & Tyga)",40792.0
More Life [Note],40504.0
I'm On My Way,40022.0
OMDB,39647.0
Shot For Me Cover (Girl Version),39223.0
Barry Bonds (Freestyle),39044.0
Tuesday (Ft. Danelle Sandoval),38214.0
"Good Riddance (Aristo Diss) (Ft. Bishop Brigante, JD Era, Jonny Roxx, Ken Masters & Young Tony)",37977.0
Missin' You (Freestyle) (Ft. Trey Songz),37682.0
An Evening I Will Not Forget / Furthest Thing,37538.0
Bollywood Flow (Tim Westwood Freestyle),36765.0
Organization (Ft. Booggz & Drake),36509.0
OVO Sound Radio Episode 14 Tracklist,36000.0
Special (Ft. Voyce),35635.0
Hot 97 Freestyle,35630.0
Bitch Is Crazy,35222.0
OVO Sound Radio Episode 4 Tracklist,35038.0
OVO Sound Radio Episode 13 Tracklist,34609.0
"Fuck Da Bullshit (Ft. Birdman, Drake, Gudda Gudda, Lil Wayne & Nicki Minaj)",33916.0
Juice,33860.0
2016 MTV VMAs Vanguard Award Intro for Rihanna,33476.0
Thank You Note to 40,33395.0
Don't You Have a Man (Ft. Dwele & Little Brother),33256.0
OVO Sound Radio Episode 39 Tracklist,31307.0
OVO Sound Radio Episode 1 Tracklist,31034.0
How Bout Now (QueMix),30906.0
What I'm Thinkin' Right Now,30702.0
I Did (Grand Entrance),30668.0
AM 2 PM (Ft. Nickelus F),30582.0
Too Good (Ft. Sarah Close),30462.0
Love My Team,30368.0
Certified Lover Boy*,30196.0
Keep The Faith (Ft. Drake),30184.0
Give Ya (Ft. Trey Songz),29573.0
Fall For Your Type,29545.0
Intoxicated*,29424.0
OVO Sound Radio Episode 10 Tracklist,29180.0
OVO Sound Radio Episode 6 Tracklist,29042.0
Teach You A Lesson (Ft. Robin Thicke),28794.0
Faded (Ft. Nickelus F),28510.0
She Will (Original) (Ft. Drake & Rick Ross),28409.0
Take You Down,28142.0
Tell Me (Ft. PARTYNEXTDOOR),28138.0
Friends (Ft. PARTYNEXTDOOR),27923.0
"Whatcha Say (Ft. Drake, Kid Heat & Tyga)",27609.0
OVO Sound Radio Episode 30 Tracklist,27444.0
Lose My Mind (Remix) (Ft. Drake),27097.0
Still Drake (Ft. Trey Songz),27090.0
I Can Take Your Girl (Ft. Drake & Kidd Kidd),27078.0
1Xtra Freestyle,27039.0
Unusual (Ft. Drake),26931.0
Don’t Run,26848.0
Money in the Bank,26400.0
London Tour Freestyle,26154.0
Fancy (Remix) (Ft. Mary J. Blige & Swizz Beatz),26120.0
Recognize (QueMix),25903.0
OVO Sound Radio Episode 8 Tracklist,25737.0
All This Love (Ft. Voyce),25607.0
OVO Sound Radio Episode 2 Tracklist,25392.0
Yesterday (Ft. Chris Brown),24873.0
Fancy (Dick Clark's New Year’s Rockin' Eve 2011) (New Verse),24738.0
Naive,24648.0
Sex Tonight,24539.0
Conceited vs Dumbfoundead (Ft. Conceited & Dumbfoundead),24529.0
The Last Hope (Ft. Andreena Mill & Kardinal Offishall),24211.0
Used To (Ft. Drake),23960.0
OVO Sound Radio Episode 23 Tracklist,23735.0
OVO Sound Radio Episode 5 Tracklist,23313.0
OVO Sound Radio Episode 3 Tracklist,23133.0
Hype (Remix) (Ft. Lil Wayne),23020.0
Stunt Hard (Ft. Kidd Kidd & Lil Wayne),22917.0
Slow It Down,22881.0
OVO Sound Radio Episode 34 Tracklist,22804.0
OVO Sound Radio Episode 31 Tracklist,22629.0
Baby Come With Me,22318.0
Pop Rosé (Ft. Trey Songz),22101.0
Bad Meaning Good (Ft. Slakah the Beatchild),22085.0
I Want This Forever (Ft. Drake & Kidd Kidd),22054.0
OVO Sound Radio Episode 37 Tracklist,21964.0
SNL: Bar Mitzvah in 1999,21612.0
Asthma Team,21592.0
Scriptures,21462.0
The One (Ft. Drake),21176.0
Empire (Ft. Rick Ross),21020.0
Never Satisfied (Original Version) (Ft. Drake),20978.0
OVO Sound Radio Episode 12 Tracklist,20795.0
S.T.R.E.S.S. (Ft. Nickelus F),20584.0
Must Hate Money (Ft. Rich Boy),20329.0
OVO Sound Radio Episode 36 Tracklist,20319.0
"Fuckin' Problems (Lost Verse) (Ft. 2 Chainz, A$AP Rocky & Drake)",20269.0
Feel Love (Ft. J. Cole),19901.0
Beautiful Music,19630.0
OVO Sound Radio Episode 9 Tracklist,19496.0
Poetic Justice (Ft. Q-Tip),19482.0
From Time (Demo) (Ft. Jhené Aiko),19268.0
Girls Love Rihanna (QueMix),19023.0
I Get Paper (Ft. Drake),18900.0
"Hold On, We're Going Home",18841.0
In My Feelings (Remix),18777.0
My New Shit,18709.0
SICKO MODE (Skrillex Remix) (Ft. Drake),18428.0
Feel No Ways,18399.0
OVO Sound Radio Episode 38 Tracklist,18389.0
Tell Me Lies,18306.0
Come Real (Ft. Kyoko),18151.0
"Overdose (Ft. Drake, Mickey Factz & Travie McCoy)",18148.0
Things I Forgot To Do (Ft. Drake),18124.0
So Good (Ft. Drake & Lil Wayne),18108.0
Successful (Ready Version),18090.0
Stunt on You,17540.0
Comments on Macklemore's Post-Grammy Text,17537.0
Body 2 Body (Lovesick),17326.0
God's Plan,17265.0
Outro,17262.0
OVO Sound Radio Episode 35 Tracklist,17075.0
Used To (Verse) (Ft. Drake),17025.0
Tuesday (Remix) (Ft. Drake & The Game),17003.0
Not Nice,16864.0
Say Something,16856.0
Summer 2016,16844.0
Faithful (Extended Version) (Ft. ​dvsn & Pimp C),16747.0
Extra Special,16747.0
Chef Curry With The Pot (Ft. Stephen Curry),16345.0
OVO Sound Radio Episode 33 Tracklist,16147.0
OVO Sound Radio Episode 29 Tracklist,16109.0
"Versace (G-Mix) (Ft. Drake, KidCali, Meek Mill & Tyga)",15883.0
Brand New (Remix) (Ft. Lil Wayne),15882.0
Mo Milly (Ft. Bun B & Drake),15775.0
OVO Sound Radio Episode 19 Tracklist,15773.0
Thrill Is Gone,15726.0
"Kick, Push (Remix) (Ft. Lupe Fiasco)",15658.0
All Night Long (Ft. Drake & Lil Wayne),15571.0
Friends With Money,15566.0
Video Girl,15413.0
"Wavin' Flag (Young Artists for Haiti) (Ft. Aion Clarke, Arkells, Avril Lavigne, Bob Ezrin, Brandon Lehti, Broken Social Scene, Canadian Tenors, Chin Injeti, Colin James, Colin MacDonald, Corb Lund, Dallas Green, Dave Faber, Deryck Whibley, Drake, Elisapie Isaac, Emily Haines, Esthero, Fefe Dobson, Guillaume Francoeur, Hawksley Workman, Hayley Sales, I.M.A, Jacob Hoggard, James Shaw, Jay Malinowski, Jessie Farrell, Jim Creeggan, Jim Cuddy, Josh Ramsay, Jully Black, Justin Bieber, Justin Nozuka, Kardinal Offishall, Kathleen Edwards, Kevin Parent, Lamar Ashe, Lights, Matt Mays, Metric, Michael Bublé, Nelly Furtado, Nikki Yanofsky, Patrick Kordyback, Pierre Bouvier, Pierre Lapointe, Red1, Sam Roberts, Serena Ryder, Shiloh (Doll), Stacey McKitrick, Stephan Moccio, Suzie Mcneil, Tim Baker, Tom Cochrane, Torquil Campbell & Tyler Connolly)",15048.0
Best I Ever Had (Remix) (Ft. Drake),15017.0
Shot for Me,14877.0
History of Rap 6 (Ft. Justin Timberlake),14848.0
Side Pieces (Ft. Brian McKnight),14735.0
I Do (Remix Verse),14701.0
Do What You Do,14688.0
History of Rap 5 (Ft. Justin Timberlake),14576.0
Diva (Homecoming Live),14465.0
Say Hello,14245.0
Underdog (Ft. Trey Songz),14106.0
OVO Sound Radio Episode 18 Tracklist,14001.0
A Milli Freestyle,13955.0
In My Business (Ft. Drake & Sean Garrett),13955.0
OVO Sound Radio Episode 17 Tracklist,13946.0
Live Up to My Name (Reference) (Ft. Baka Not Nice),13930.0
"Digital Girl (Remix 2) (Ft. Drake, Kanye West & The-Dream)",13715.0
Please Forgive Me,13637.0
From Florida with Love (Original),13567.0
King Leon (Street Cred),13378.0
OVO Sound Radio Episode 40 Tracklist,13145.0
OVO Sound Radio Episode 15 Tracklist,13110.0
Flawless / Feeling Myself (Homecoming Live),12986.0
Make Things Right (Ft. Slakah the Beatchild),12751.0
The Grind (Ft. Nickelus F),12748.0
Try Harder,12663.0
One Dance (Dub) (Ft. Kyla & Wizkid),12661.0
OVO Sound Radio Episode 52 Tracklist,12639.0
Do What You Do (Remix) (Ft. Nickelus F & No Malice),12595.0
Teach U a Lesson (Freestyle) (Ft. Robin Thicke),12575.0
Good Life (Ft. Drake & R. City),12481.0
OVO Sound Radio Episode 25 Tracklist,12446.0
Swagger Like Us,12425.0
To Feel Things,12355.0
Call Me Montana (Ft. Drake),12268.0
What's My Name,12243.0
OVO Sound Radio Episode 63 Tracklist,12088.0
OVO Sound Radio Episode 24 Tracklist,11996.0
OVO Sound Radio Episode 57 Tracklist,11965.0
OVO Sound Radio Episode 11 Tracklist,11952.0
OVO Sound Radio Episode 26 Tracklist,11922.0
Tim Westwood Freestyle 2012,11782.0
OVO Sound Radio Episode 58 Tracklist,11660.0
It's Been A Pleasure (Ft. Drake),11626.0
Come Up (Ft. Drake & Liife),11617.0
OVO Sound Radio Episode 46 Tracklist,11594.0
ESPYS: Honorable Mention,11517.0
Rone vs Big T (Ft. Big T (Battle Rapper) & Rone),11448.0
OVO Sound Radio Episode 28 Tracklist,11423.0
OVO Sound Radio Episode 16 Tracklist,11357.0
What Up (Ft. Bun B & Pimp C),11346.0
Poetic Justice (Retrial),11206.0
OVO Sound Radio Episode 64 Tracklist,11183.0
Open (Ft. Drake),11078.0
Greatness (Ft. Bishop Brigante),11071.0
OVO Sound Radio Episode 51 Tracklist,11070.0
Madonna (Physical CD Version),10712.0
Easy to Please (Ft. Richie Sosa),10680.0
Slow Motion (Ft. Drake),10642.0
About the Game (Ft. Trey Songz),10631.0
New Shit (Ft. Phonte & Von Pea),10524.0
Throw It in the Bag (Remix),10408.0
Good Kush And Alcohol (Love Me Demo),10380.0
Un-Thinkable - I'm Ready,10269.0
Money (Remix) (Ft. Nickelus F),10261.0
SNL: Bag Jackin Bitches,10238.0
OVO Sound Radio Episode 54 Tracklist,10018.0
Between Us (Ft. Slakah the Beatchild),9978.0
Successful (Demo),9808.0
Jungle (Video),9807.0
Still Got it,9746.0
Where Were You (Original) (Ft. Colin Munroe),9731.0
Deuces (Drake & Kanye West Remix) (Ft. Drake & Kanye West),9648.0
GODSPLAN,9581.0
OVO Sound Radio Episode 43 Tracklist,9542.0
Love And Gunz,9542.0
The Usual (Ft. Trey Songz),9421.0
Desires (Demo) (Ft. Future),9374.0
The Search (Ft. Saukrates),9279.0
Take Care (Bonus Track),9239.0
OVO Sound Radio Episode 49 Tracklist,9200.0
Belong to the City (Demo),9178.0
Work (R3HAB Remix) (Ft. Drake),9173.0
Can't Hide from Love Freestyle,9139.0
OVO Sound Radio Episode 41 Tracklist,9050.0
OVO Sound Radio Episode 62 Tracklist,8898.0
"Deuces (Drake, Kanye West & André 3000 Remix) (Ft. André 3000, Drake & Kanye West)",8868.0
Feel Love (Drake Version) (Ft. Drake),8827.0
OVO Sound Radio Episode 50 Tracklist,8707.0
Slow It Down,8627.0
Fuckin' Problems (Freestyle),8572.0
Share,8517.0
Make It Go (Ft. Drake),8226.0
Belly Shit (Ft. Belly),8219.0
Pianist Hands,8161.0
Passionfruit,8132.0
Easy (Ft. Young Thug),8049.0
CLB Intro,7964.0
I'm Still Fly (Ft. Drake),7883.0
Swishin' (Ft. Drake),7839.0
Stay Down (Ft. Busta Rhymes),7829.0
Love You Like I Do (Ft. Jammy (US) & RITTYBO),7800.0
OVO Sound Radio Episode 27 Tracklist,7778.0
OVO Sound Radio Episode 48 Tracklist,7683.0
OVO Sound Radio Episode 60 Tracklist,7621.0
Runaway Girl (Ft. Colin Munroe),7609.0
Intro (Room For Improvement),7605.0
Fuckin' Problems (Remix) (Ft. Stalley),7571.0
OVO Sound Radio Episode 22 Tracklist,7560.0
"I’m on One (Remix) (Ft. Drake, French Montana, Kirko Bangz, Meek Mill, Tyga & Wale)",7546.0
OVO Sound Radio Episode 59 Tracklist,7476.0
Zone,7473.0
Hotline Bling (Remix),7443.0
Issa (Single Mix) (Ft. Drake & Young Thug),7418.0
7/11 (Homecoming Live),7387.0
Fallen (Ft. Keshia Chanté),7357.0
Drake's Tattoos,7297.0
OVO Sound Radio Episode 61 Tracklist,7292.0
Girls Love Beyoncé (Remix),7274.0
MÍA (Dom Da Bomb Remix) (Ft. Sean Paul),7270.0
Money,7207.0
OVO Sound Radio Episode 47 Tracklist,7052.0
Thank Me Later [Booklet],6950.0
"Loyalty (Remix) (Ft. Bow Wow, Brisco, Cory Gunz, Lil Twist, Mack Maine & Tyga)",6908.0
Fuckin Problem,6895.0
Forever (Travis Barker Remix) (Ft. Travis Barker),6824.0
Pain 1993 (Demo)* (Ft. Playboi Carti),6812.0
OVO Sound Radio Episode 42 Tracklist,6786.0
OVO Sound Radio Episode 45 Tracklist,6676.0
OVO Sound Radio Episode 21 Tracklist,6636.0
Come Back to Me,6613.0
OVO Sound Radio Episode 44 Tracklist,6586.0
OVO Sound Radio Episode 65 Tracklist,6550.0
OVO Sound Radio Episode 56 Tracklist,6382.0
Till Things Get Right (Ft. Drake),6363.0
Bullets Don’t Tickle*,6346.0
Apology for Autism Line,6323.0
OVO Sound Radio [Setlists],6264.0
I Stay Fly,6206.0
Rewind (Ft. Voyce),5892.0
Desires (Remix),5827.0
She Will (Remix) (Ft. Drake & Lil Wayne),5777.0
OVO Sound Radio Episode 20 Tracklist,5758.0
OVO Sound Radio Episode 55 Tracklist,5713.0
In My Feelings,5700.0
You Got Me (Ft. Promise & Sacario),5680.0
Blessings (Extended Version) (Ft. Drake & Kanye West),5670.0
More Ready (Remix) (Ft. Trey Songz),5596.0
OVO Sound Radio Episode 68 Tracklist,5491.0
"F**kin’ Problems (Clean Version) (Ft. 2 Chainz, Drake & Kendrick Lamar)",5464.0
Intro,5430.0
Pound Cake (Ft. KUSH (USA)),5370.0
Bust Down (Remix) (Ft. Drake),5353.0
Unbelievable (Ft. Kaash Paige),5350.0
I'm Ready For You (Full Length),5350.0
Epiphany (I'm Leaving),5330.0
Invented Sex,5285.0
Cuff Yo Chick (Ft. Drake & Fabolous),5274.0
"Drake's Beef (Ft. Aidy Bryant, Drake, Leslie Jones, Lorne Michaels, Pete Davidson & Vanessa Bayer)",5250.0
Black Magic (Ft. Drake),5228.0
Faith (Ft. Drake),5143.0
Exposed (Voyce Diss),5109.0
Emergency,5085.0
.,
100x,
2011 Juno Awards In Toronto,
21 Salute,
30 Hours (Reference),
50c Razors (Ft. Drake),
6ers (Ft. Drake),
Acapella,
Ain’t Gang (Ft. Drake),
"All Of The Lights (Extended Version) (Ft. Big Sean, Drake, Elton John, Fergie, Kid Cudi, Lil Wayne & Rihanna)",
Alton Sterling Statement,
Are you my bae (Ft. Drake),
Aston Martin Music,
Aston Martin Music (Ft. Drake & Lem Payne),
Astronomical (Fortnite Live Concert Event) (Ft. Drake & Kid Cudi),
ATF Radio Freestyle,
Back To Back,
Bad Breed,
BedRock (Girl You Know) (Ft. Omarion),
Bedrock Pt. II (Young Goldie Mix) (Ft. Drake & Lil Wayne),
Best I Ever Had/Do I Wanna Know/Sunlight On Your Skin (Cover),
Best I Ever Had (Remix) (Ft. Drake),
Big bank,
Blackface Response,
Blahd gang,
​blessings,
Blessings (Album Version) (Ft. Drake),
Bottom's Up [Smoothie Blue Remix] (Ft. Drake),
Bubble Tea Dubble Cup,
Bubble Tea Gang (Ft. Drake),
Cameras/Good Ones Go Interlude( Medley) (Ft. The Weeknd),
Cannon Ball (Ft. Drake),
"Cannonball Remix (Ft. Colin Munroe, Drake & Jae Millz)",
Cannonball (Snippet) (Ft. Colin Munroe),
Century 16 (Written Freestyle) [Smoothie Blue Remix] (Ft. Drake & JAY-Z),
Champagne Poetry,
Change You (Ft. Drake),
Close Distant,
Come Back To Me (Ft. Drake),
Concentrate*,
Control (Ft. Drake),
Cool*,
Creation (Ft. Drake),
Crew Love,
Daily Essentials ft. Kendrick Lamar (Ft. Drake & Kendrick Lamar),
Dawn Of A Young King,
Dead Presidents Freestyle,
Dementia,
"Deuces (Fabolous & André 3000 Remix) (Ft. André 3000, Drake & Fabolous)",
DICKO MODE (Ft. Drake & Swae Lee),
Dirty Night (Ft. Anitta),
Doing His Thing,
Doing It Wrong (Ft. Liv (UK)),
Don't Let Me Fall Asleep (Ft. Drake),
D.O.S.E,
Drake Discography,
Drake & DJ Semtex Interview,
​drake - in my feelings (Cover),
Drake - Over My Dead Body ft. Chantal Kreviazuk (Traduzione Italiana),
DRAKE - OVER MY DEAD BODY (NEDARB NAGROM REMIX),
Drake Signs on with Team Jordan Brand (Ft. Drake & Rap Jenius),
Drake Speaks,
Drake Speaks 2,
Drake's Voice Mail Box #1,
Drake's Voice Mail Box #2,
Drake's Voice Mail Box #3,
East (Ft. Drake),
Ela É do Tipo (Remix) (Ao Vivo) (Ft. Drake),
Enjoy Yourself (Ft. Drake),
ESPYs Conference Call (Ft. ESPN),
Ex Factor / Nice For What,
Faded (Ft. Drake),
"Faithful (Ft. Amber Rose, Drake & Pimp C)",
Faith Pt. 2 (Ft. Drake),
Fake Love,
Fancy Barbie,
Fantasy Girl (Ft. Drake),
Feel Like You* (Ft. Doe Boy),
Finesse,
Fireworks (Demo) (Ft. Alicia Keys),
Fireworks (Tom Wrecks Remix),
Fit of the Day 6/25/14 (Ft. Drake),
Fit of the Weekend 1/11/14 (Ft. Drake),
​flower,
Ford Explorer X Drake,
Forever (Original) (Ft. Kidd Kidd & Lil Wayne),
"Fortnite Gameplays (Ft. Drake, ItsNicklus & Soulja Boy)",
Friends (Chopnotslop Remix) (Ft. PARTYNEXTDOOR),
Friend$ With Money (Ft. Drake),
Fuckin' Problems (Ft. J-Doe & Reek Da Villian),
Fuckin' Problems,
"Fuckin' Problems (Ft. Agrüm, Hancock & KRM)",
FUCK TEKASHI,
"Fun Activity Montage (Ft. Alvin & The Chipmunks, Louis Logic & Marshmello & Anne-Marie)",
Future & Drake - Life is Good (Azərbaycanca Tərcümə) (Ft. Drake),
Genesis,
Get Better,
Get It Shawty (Remix),
Get Like Me,
Girl Let Me (Ft. Drake),
Girls Love Beyonce (E-Mix),
Goddess Sword X ALAYLM X Language,
God's Plan,
God's Plan,
God's Plan,
God's Plan,
God's Plan,
God’s Plan 2,
God’s Plan (Demo) (Ft. Trippie Redd),
Gods Plan (remix),
Gold Roses (Video Version) (Ft. Drake),
Grindin’ (Turk Remix) (Ft. Drake & Turk),
Head I.C.E vs Serius Jones (Ft. Head I.C.E & Serius Jones),
Headlines(Remix) (Ft. Drake),
Heartdrake,
Hellfire,
Hello? Hotline Bling? What Do You Mean?,
Hold On We're Going,
Hold On We’re Going Home (Ft. Gabriel Tajeu),
"Hold On, We're Going Home",
"Hold On, We're Going Home",
"Hold On, We're Going Home",
"Hold On, We're Going Home",
"Hold On, We’re Going Home",
"Hold On, We’re Going Home",
"Hold On, We're Going Home (Live)",
"Hold On, We're Going Home (Live)",
"Hold On, We’re Going Home (The Voice Performance)",
Horse show (Ft. JAY-Z),
Hotline Bling,
Hotline Bling (Ft. Pomme),
Hotline Bling,
Hotline Bling,
Hotline Bling,
Hotline Bling,
Hotline Bling,
Hotline Bling (Billie Eillish Cover),
Hotline Bling (Cover),
Hotline Bling (Cover),
Hotline Bling (Drake Cover),
Hotline Bling (Encore) (Ft. Gallant),
Hotline Bling (Remix),
Hotline Bling (Remix),
Hotline Bling (The Voice Performance),
HOTLINE BLING X TEENAGE FEVER,
Houstatlantavegas Pains (Ft. Drake) (Ft. Drake),
HOW TO GO SICKO MODE,
How to Live (Ft. Drake),
Hozh,
HumpDay HipHop 2: 0 to 100 (Real Fuckin Quick) (Ft. Drake),
HYFR (RMX) (Ft. Drake),
I Can’t Let You Go,
"I dont care (Ft. Big Sean, Danlocz & Drake)",
I Do This (Ft. Belly),
I Get Lonely,
Im over here (started from the bottom remix),
I'm Ready For Ya (Ft. Drake),
I'm Still Fly,
In My Feelings,
Inst,
Insubordonné,
Intermission (Live),
International Women (Original Version) (Ft. Bad Bunny & Drake),
Into The Night (Ft. Drake),
It's Been a Pleasure (Album Version) (Ft. Drake),
I've Been That Girl,
July (Upsidedown) (Ft. Drake & Jhené Aiko),
Jumpman (Ft. Future),
Jumpman freestyle (Ft. Hakeem Ture),
Jump Man (Remix),
Just Issues (Ft. Drake),
Karaoke (Ft. Drake),
Ken Coleman (Ft. Drake),
King (Ft. Drake),
Knife On (Ft. Drake),
​knight,
Landed (Remix) (Ft. Drake),
"Latitude (Ft. Drake, Kanye West & Lupe Fiasco)",
Laugh Now Cry Later,
Lazy (Ft. Young Moon),
Legendary Shit prod NFF (Ft. Prod NFF),
Lemon Pepper Freestyle (Demo) (Ft. Rod Wave),
"Let Em Know I'm Real (Ft. Drake, Rick Ross & Sikness)",
Light Up (Cover) (Ft. Drake),
L I V E E V I L,
Live Then*,
Look Alight (Ft. Yung CS),
Lord Knows (Freestyle),
Los amigos (Ft. Drake & Migos),
Love From a Distance,
Love is Magic,
Love The Lifestyle* (Ft. Drake),
Loving You No More (Ft. Drake),
Lube Land (Ft. Drake),
Lusambo king (Ft. Jason Derulo),
Lust 4 Love (Ft. Drake),
Madonna (Ft. Drake),
Madonna,
Mafia Music (Ft. BLKMSK & Ninto),
Major Lazer - Lean On (ft. DJ Snake & MØ) (Traduction Française),
Make Me Proud,
Marked for deletion,
Marvin's Room,
Marvin’s Room,
Marvins Room,
Marvins Room,
Marvin's Room (Third-person narrative),
Masterpiece (Ft. Joey Vantes),
MIA,
Milk,
MiSsTeR SOhLe DOHle (Ft. Drake),
Money to Blow   (Eric Dingus Remix),
Money to Blow (Snippet),
Money to Blow (Sonastyle Remix) (Ft. Drake & Lil Wayne),
More Milli (Ft. Bun B & Drake),
More Milli,
More Than A Meme (Ft. Drake),
MORE THAN BESTFRIENDS,
Motto remix (Ft. Drake & Da Killa KC),
Mr. Right Now (ChopNotSlop Remix) (Ft. Drake),
MSG Freestyle (Hot 97),
My Love (Demo),
My Only (Ft. The Truth (CAN)),
My Plan (Gods Plan-Drake Parody),
My Way (Ft. Drake & Fetty Wap),
My Way (E-Mix) (Ft. Drake & Eric Bellinger),
Nacho's freestyle,
Never 'Bout Us,
New Album Titled 'Views From The 6',
NEWEST (Ft. Drake),
Nice For What/Friends/No Scrubs,
"Niggas In India (Ft. Future, Kanye West, Sheck Wes & SYRE (Jaden Smith))",
Night (Ft. Drake),
Night Off,
Nnnnnnnnnnnnnnnnnnnnnnnnnnoo (Ft. G RA),
Nobody’s Buisness (Ft. Young Firm),
No frauds x Changed it x Regret in your tears - mashup cover,
No game (Ft. Drake),
"No hoes ass (Ft. 50 Cent, And Busta Rhymes & Eminem)",
No Manners (Ft. Natalie Major),
No New Friends,
No Stylist (RHLM Remix)* (Ft. Anuel AA & Drake),
No Tellin',
Nothing At All,
Notification Bling,
Not New To This (Ft. Drake),
November 14th [Chuck Inglish Remix],
OMG (Remix) (Ft. Drake),
On a Wave (Ft. Drake),
One Dance,
One Dance (Ft. Harper),
"One Dance Cypher (Glaive World Cypher) (Ft. 4t4k3, Camp6311, Cole Toto, DigiTeto, Jitbands14, Kurome Fukui & Nathan2sick)",
One Dance (Drake Cover),
"One Dance (Ivisson Legendas Edit) (Ft. Drake, Justin Bieber, Kyla & Wizkid)",
One Man Show,
One Night Stand (Ft. Drake),
Ooovrrr,
"Oprah Bank Account (Freestyle) (Ft. DaBaby, Dineroo & Drake)",
Our Little Secret,
Over (Ayobi remix) (Ft. Ayobi),
Overdose (Ft. Mickey Factz & Travie McCoy),
Over (Remix) (Ft. Drake),
​ovoliver,
OVO Sound Radio Episode 53 Tracklist,
OVO Sound Radio Episode 66 Tracklist,
Own it remix (Ft. Drake),
Paper Thin Love (30 Hours Demo),
Passionfruit,
Passionfruit,
Passionfruit,
Passionfruit,
Passionfruit,
Passionfruit (triple J Like A Version),
Payback,
Peanut Butter Jelly Time (Ft. Drake & Kanye West),
"Peer Editing [Smoothie Blue Remix] (Ft. Drake, E-40, G-Eazy & Keyshia Cole)",
Pistols (Remix)* (Ft. J Balvin & Romeo Santos),
Place (Original)* (Ft. Drake),
Playball (Ft. Drake),
Plenty*,
Plug,
Pop Style (Demo) (Ft. Kanye West),
Pound Cake (Cover) (Ft. Drake),
Praise The Sicko (Ft. Drake & Travis Scott),
Preacher(Explicit) (Ft. Drake),
Pure Evil*,
RapCaviar 12/1/17 (Ft. Drake),
RapCaviar 2/23/18 (Ft. Drake),
Rape,
Ratatouille (Ft. Quavo),
Ratatouille* (Ft. Drake),
Real/Dream Life Music (Remix) Drake (HOOK) (Ft. Drake),
Real Her (Single Leak) (Ft. Lil Wayne),
Ride With Me (Ft. Drake & Phora),
Right Hand,
Right to Left (Ft. Tanya Morgan & Von Pea),
R.I.P. (Drake Remix) (Ft. Drake),
"Road Runner (Ft. Drake, Future, The Game, JAY-Z & Kanye West)",
Rock N Roll (Ft. Drake),
Sacrifice* (Ft. Drake),
​sakura chan,
Samer Versace Remix (Ft. Drake & Migos),
Say My Name (Ft. Drake & James Fauntleroy),
Say My Name (Ft. Drake & James Fauntleroy),
Self-Actualization [Smoothie Blue Remix] (Ft. Drake),
Separate LivesVer,
Seriously Now,
She Got Me (Ft. Drake),
She Just Wanna Dance (Ft. Trey Songz),
She Will Freestyle (Ft. Drake),
She Will (Remix) (Ft. Drake),
Shotty Horroh vs. Hitman Holla (Ft. Hitman Holla & SHOTTY HORROH),
Show Me A Good Time (Remix) (Ft. Drake),
"Sh!t (Megamix) (Ft. Diddy, Drake, Fat Trel, Jeezy, Juicy J, Meek Mill, Rick Ross, ScHoolboy Q, T.I. & Tracy T)",
"SICKO MODE (Refix) (Ft. Drake, Eminem, Kendrick Lamar & Travis Scott)",
SICKO MODE (Sample Clearance Demo) (Ft. Drake),
SidelineDreams (Ft. Drake),
Slow Down (Ft. Drake),
SMOKED OUT (Ft. Bakersteez),
Sneaker Feature II (Ft. Amir Johnson & Drake),
Song Of The Year Nominees,
Soundcloud,
S.O.Y. (Ft. Drake),
Special Education [Smoothie Blue Remix] (Ft. Drake & Lil Wayne),
​stars,
Started From The Bottom (Ft. Drake & Ice Billion Berg),
STARTED FROM THE BOTTOM (Ft. Drake),
Started From the Bottom Deluxe - Don't Delete,
Started From The Bottom Remix (Ft. TempOh),
Started From The Bottom (Remix) (Ft. Drake & RiFF RAFF),
Started From The Bottom (Rendition) (Ft. Drake),
Startrax (Ft. Drake),
Statement on Wireless,
"Stay scheming (Ft. Drake, French Montana & Rick Ross)",
"Steph Curry With Da Shot #3Pointer  #GoldenStateWarriors #WhenIGrowUpI'llPlayBasketballAndBeOnHisTeam (Ft. CJ Beatty, Cody Scrivner, Drake & Soulja Boy)",
Still Fly,
Still Got It (Remix) (Ft. Drake),
Street Cred (Ft. Drake & Killer Mike),
Street Lights Never Fade (Ft. Drake),
Successful (Ft. Drake),
Successful (Remix) (Ft. Soulja Boy & Trey Songz),
Sugar (Baby bash x Drake),
Summer Games,
Summer jam (Ft. Drake),
Summer Sixteen (Live Remix),
Sunflower (Ft. Drake),
Superbowl (Ft. Yung Trace),
Swagga Like Us (Ft. M.I.A.),
Sweeterman Freestyle,
Take Care (Drake Cover) (Ft. Ariana Grande),
Take You Down (Freestyle),
Take Your Girl,
Talk To Me (Radio Edit) (Ft. Drake),
Thank Me Later [Liner Notes],
That's How You Feel,
The end.(The Beginning),
The Freaky Friday Management Technique (Ft. Drake),
The Mottofication (Ft. Drake),
The Motto (Von Tae' Remix) (Ft. Drake),
The Notice (Ft. Drake),
The Quest,
The Same Thing Twice.,
The Saurus vs. J-Pro (Ft. J-Pro & The Saurus),
The Zone (Sango Remix)(Rawzilla Remix) (Ft. Drake),
The Zone (Video Version) (Ft. Drake),
Thing for you (Ft. Bryson Tiller),
Through The Window (Go-Deep Extended Mix),
Time Flies (Demo) (Ft. Future),
Time Flies (Original) (Ft. Tory Lanez),
Too Good,
Too Good,
Too Good (Demo) (Ft. Rihanna),
Too Good (Solo Demo),
Too Many Times (Ft. Drake),
Too Sexy For Your Girl (Ft. Drake & Young Thug),
Toosie Slide,
Toosie Slide,
"Top Notch (Ft. Drake, Lil Wayne & Pimp C)",
Toronto Raptors x Octobers Very Own (Ft. Drake & Toronto Raptors),
"To The Floor (Ft. Drake, Lloyd & Polow da Don)",
Touch the Sky (Ft. Drake),
Tough Day at the Office [Rolling Stone Apology],
T-Rex vs Hollohan (Ft. Hollohan & T-Rex (Battle Rapper)),
True Story*,
Tweets About Rolling Stone Interview,
Tweets With T. Boone Pickens,
Twist My Hair (Remix) (Ft. Drake),
Unfortunate*,
Un-thinkable (I'm Ready) (Live from VH1 Storytellers),
Untitled Drake Collaboration* (Ft. Drake),
Up All Night (Remix) (Ft. Drake & Nicki Minaj),
U.P.A. (Outro),
Uptown (Ft. Drake),
Using Me,
Versace (Ft. Drake),
Versace REMIX (Ft. Drake),
"Versace REMIX (Ft. Drake, Migos & Versace)",
"Versace (TXL Remix) (Ft. Drake, Meek Mill & Tyga)",
WAITED (Ft. Drake),
Walk It Talk It (Demo) (Ft. Drake),
"Warriors (Ft. Drake, Gif Majorz & JAY-Z)",
Watch Me Ball (I'm On One) (Ft. Drake),
"We Are (Cast Version) (Ft. Denis Leary, Drake, Ester Dean, Heather Morris, Jennifer Lopez, John Leguizamo, Keke Palmer, Nicki Minaj, Queen Latifah, Ray Romano & Wanda Sykes)",
"We'll Be Fine (Ft. Drake, Jerzey & Lazy Shirts)",
We're Going Home pt 2 (Ft. Craker Boyyy & Drake),
What If I Kissed You,
What's the 411/The Ride [MJB/OVO Cover],
What Up (Ft. Bun B & Drake),
When I See You (Lamont's Song),
"When u jus gotta do it, u gotta do it (Ft. Lil mizz poopie dawg)",
Who You Are,
Why I curse (Ft. Post Malone),
WIDDIT (Ft. David Lara),
With French Montana (Ft. French Montana),
Work (Ft. Anth),
Work (Bad Royale Remix) (Ft. Drake),
Work (Bad Royale Remix) [Clean] (Ft. Drake),
Work (BURNS' Late Night Rollin Remix) (Ft. Drake),
Work (Demo) (Ft. PARTYNEXTDOOR),
Work (Lost Kings Extended Remix) (Ft. Drake),
Work (Lost Kings Remix) (Ft. Drake),
Work (R3HAB Extended Remix) (Ft. Drake),
Work (R3HAB Extended Remix) [Instrumental] (Ft. Drake),
Work (Remix),
​wu tang freestyle i made dis shit like 2 seconds ago & i aint mix it so whatever,
Ya.Bish (Ft. Lil Wayne),
Yeah Yeah (Ft. Rihanna),
"Yes Indeed ft XXXTENTACION (Ft. Asivus, Drake & Lil Baby)",
Young-Tripp (Ft. Drake & Lil Wayne),
Your love cant separated me from you (Ft. Drake),
Your Room (Marvin's Room Cover) (Ft. Drake),
YOU THE ONE (Ft. LADY O.T),
You Too (Ft. Mack Maine),
YouTube Complex Love,
Zane Lowe Interview (Ft. Zane Lowe),
Zirvedeyiz,
