id,title,views,lyric_url,art_url
3050777,1-800-273-8255 (Ft. Alessia Cara & Khalid),7666012.0,https://genius.com/Logic-1-800-273-8255-lyrics,https://images.genius.com/f898e230528d5695fbf5e34f50784233.1000x1000x1.png
4519154,Homicide (Ft. Eminem),3525812.0,https://genius.com/Logic-homicide-lyrics,https://images.genius.com/0fcc4b059e115bc7694cc2b039738c11.1000x1000x1.png
523560,Gang Related,1750663.0,https://genius.com/Logic-gang-related-lyrics,https://images.genius.com/0e10abfcaf58141b1b609d2c5ac04b6b.1000x1000x1.png
3542151,44 More,1616297.0,https://genius.com/Logic-44-more-lyrics,https://images.genius.com/199be2c3c2f9bbf65f09228618e3836b.1000x1000x1.jpg
2554106,Sucker for Pain (Ft. X Ambassadors),1379578.0,https://genius.com/Lil-wayne-wiz-khalifa-imagine-dragons-logic-and-ty-dolla-sign-sucker-for-pain-lyrics,https://images.genius.com/042ecff144b6896bd45ce8dc7cc4cd4a.1000x1000x1.jpg
3039792,Everybody,1359239.0,https://genius.com/Logic-everybody-lyrics,https://images.genius.com/1a3538f7662a09300876b0da68b6f8df.1000x1000x1.jpg
4573439,Isis (Ft. Logic),1324169.0,https://genius.com/Joyner-lucas-isis-lyrics,https://images.genius.com/d0eb2b80d212b93b097d604c4c6af62e.680x680x1.jpg
519316,Under Pressure,1285738.0,https://genius.com/Logic-under-pressure-lyrics,https://images.genius.com/4b8fe7592a27a2bf7833d407fec5ae3a.1000x1000x1.png
544491,Nikki,1091247.0,https://genius.com/Logic-nikki-lyrics,https://images.genius.com/0e10abfcaf58141b1b609d2c5ac04b6b.1000x1000x1.png
3053927,Black SpiderMan (Ft. Damian Lemar Hudson),962177.0,https://genius.com/Logic-black-spiderman-lyrics,https://images.genius.com/a416eb570d5cfdbfe9f2034942a83711.1000x1000x1.jpg
197351,Alright (Ft. Big Sean),913443.0,https://genius.com/Logic-alright-lyrics,https://images.rapgenius.com/44996e5a359a89a602cd8ab1e93c9abe.500x500x1.jpg
2343415,Fade Away,813888.0,https://genius.com/Logic-fade-away-lyrics,https://images.rapgenius.com/4d843c574024060a741b3bf7135e23c6.600x600x1.jpg
2797979,44 Bars,785210.0,https://genius.com/Logic-44-bars-lyrics,https://images.genius.com/dc5faf8d31ffb2229e5eb76a51cf7947.1000x1000x1.jpg
3554278,Everyday,685409.0,https://genius.com/Logic-and-marshmello-everyday-lyrics,https://images.genius.com/c021dc75bb454159fc1479531b3b0039.1000x1000x1.jpg
149341,5AM,670482.0,https://genius.com/Logic-5am-lyrics,https://images.genius.com/da76d57af3e6ee702af91bac2a18326a.1000x1000x1.jpg
3683582,Keanu Reeves,657569.0,https://genius.com/Logic-keanu-reeves-lyrics,https://images.genius.com/90efd456eb701692e40a1f8b7937ea0a.1000x1000x1.jpg
2466721,Flexicution,604536.0,https://genius.com/Logic-flexicution-lyrics,https://images.genius.com/552485dd9f5811ef3ef41ade4d8a4aa6.1000x1000x1.jpg
149355,Ballin (Ft. Shy Grey),573976.0,https://genius.com/Logic-ballin-lyrics,https://images.genius.com/768e6fe174996d0343b0394b3a1d0775.440x440x1.jpg
58019,All I Do,567364.0,https://genius.com/Logic-all-i-do-lyrics,https://images.genius.com/6118bfdbbde22320e3c6bc130e1772d3.1000x1000x1.jpg
528266,Soul Food,565558.0,https://genius.com/Logic-soul-food-lyrics,https://images.genius.com/0e10abfcaf58141b1b609d2c5ac04b6b.1000x1000x1.png
4405998,Confessions of a Dangerous Mind,505919.0,https://genius.com/Logic-confessions-of-a-dangerous-mind-lyrics,https://images.genius.com/888ae8682f1bd7281c45f0618c3d30c4.1000x1000x1.jpg
2312800,Young Jesus (Ft. Big Lenbo),491994.0,https://genius.com/Logic-young-jesus-lyrics,https://images.rapgenius.com/82be6c99d66c0aedcc27baf4eaee5758.1000x1000x1.jpg
3039974,AfricAryaN (Ft. Neil deGrasse Tyson),486187.0,https://genius.com/Logic-africaryan-lyrics,https://images.genius.com/6964783fbf7f2eca0619a3bc156512dc.1000x1000x1.png
528275,Bounce,469091.0,https://genius.com/Logic-bounce-lyrics,https://images.genius.com/0e10abfcaf58141b1b609d2c5ac04b6b.1000x1000x1.png
528271,Buried Alive,457077.0,https://genius.com/Logic-buried-alive-lyrics,https://images.rapgenius.com/d9a95dc8384ba9700337b04736d993af.1000x1000x1.jpg
2343632,Stainless (Ft. Dria),439712.0,https://genius.com/Logic-stainless-lyrics,https://images.genius.com/c634aa6628c02ec206119e6b849f5a02.1000x1000x1.jpg
528258,Till the End,432895.0,https://genius.com/Logic-till-the-end-lyrics,https://images.genius.com/0e10abfcaf58141b1b609d2c5ac04b6b.1000x1000x1.png
3976759,100 Miles and Running (Ft. John Lindahl & Wale),429588.0,https://genius.com/Logic-100-miles-and-running-lyrics,https://images.genius.com/167533ad40b7f1e21f676764358f8b69.1000x1000x1.png
3565840,Midnight,422623.0,https://genius.com/Logic-midnight-lyrics,https://images.genius.com/63c66d2062279080649c26b632183df5.1000x1000x1.jpg
528260,Metropolis,416288.0,https://genius.com/Logic-metropolis-lyrics,https://images.genius.com/0e10abfcaf58141b1b609d2c5ac04b6b.1000x1000x1.png
3050773,Take It Back,395937.0,https://genius.com/Logic-take-it-back-lyrics,https://images.genius.com/71bb135049fd2d5eec6551c744189c09.1000x1000x1.jpg
149366,Man of the Year,391935.0,https://genius.com/Logic-man-of-the-year-lyrics,https://images.genius.com/da76d57af3e6ee702af91bac2a18326a.1000x1000x1.jpg
3608789,Pray (Remix) (Ft. Logic),383767.0,https://genius.com/Sam-smith-pray-remix-lyrics,https://images.genius.com/2ebbb8adbe06ae384bf56e3f384aa512.1000x1000x1.jpg
2327079,Like Woah,380257.0,https://genius.com/Logic-like-woah-lyrics,https://images.genius.com/cf4166acf4e70b35b9b74f921748fb85.600x600x1.jpg
2797973,Super Mario World,351651.0,https://genius.com/Logic-super-mario-world-lyrics,https://images.genius.com/4ec6f810f8aca1082e49d07f304f6dc1.1000x1000x1.jpg
2880887,Sriracha (Ft. Joyner Lucas & Logic),343293.0,https://genius.com/Tech-n9ne-sriracha-lyrics,https://images.genius.com/dac1cf83fc6c83ed086fa8adde3a8bc2.1000x1000x1.jpg
3050784,Anziety (Ft. Lucy Rose),340843.0,https://genius.com/Logic-anziety-lyrics,https://images.genius.com/6964783fbf7f2eca0619a3bc156512dc.1000x1000x1.png
2343630,City of Stars,338855.0,https://genius.com/Logic-city-of-stars-lyrics,https://images.genius.com/c634aa6628c02ec206119e6b849f5a02.1000x1000x1.jpg
3976795,"Wu Tang Forever (Ft. Cappadonna, Ghostface Killah, GZA, Inspectah Deck, Jackpot Scotty Wotty, Masta Killa, Method Man, Raekwon, RZA & U-God)",322270.0,https://genius.com/Logic-wu-tang-forever-lyrics,https://images.genius.com/167533ad40b7f1e21f676764358f8b69.1000x1000x1.png
2343637,Run It,315973.0,https://genius.com/Logic-run-it-lyrics,https://images.genius.com/c634aa6628c02ec206119e6b849f5a02.1000x1000x1.jpg
3050778,Killing Spree (Ft. Ansel Elgort),306092.0,https://genius.com/Logic-killing-spree-lyrics,https://images.genius.com/6964783fbf7f2eca0619a3bc156512dc.1000x1000x1.png
3565841,Warm It Up,304754.0,https://genius.com/Logic-warm-it-up-lyrics,https://images.genius.com/63c66d2062279080649c26b632183df5.1000x1000x1.jpg
526729,I'm Gone,292103.0,https://genius.com/Logic-im-gone-lyrics,https://images.genius.com/0e10abfcaf58141b1b609d2c5ac04b6b.1000x1000x1.png
3565839,Indica Badu (Ft. Wiz Khalifa),287017.0,https://genius.com/Logic-indica-badu-lyrics,https://images.genius.com/63c66d2062279080649c26b632183df5.1000x1000x1.jpg
2624385,Wrist (Ft. Pusha T),278422.0,https://genius.com/Logic-wrist-lyrics,https://images.genius.com/5fc9f492c02ef77c483c70d2655e7134.1000x1000x1.jpg
3565838,Yuck,267346.0,https://genius.com/Logic-yuck-lyrics,https://images.genius.com/63c66d2062279080649c26b632183df5.1000x1000x1.jpg
528304,Growing Pains III,267247.0,https://genius.com/Logic-growing-pains-iii-lyrics,https://images.genius.com/0e10abfcaf58141b1b609d2c5ac04b6b.1000x1000x1.png
2343640,The Incredible True Story,266482.0,https://genius.com/Logic-the-incredible-true-story-lyrics,https://images.genius.com/c634aa6628c02ec206119e6b849f5a02.1000x1000x1.jpg
2338720,Lord Willin',264059.0,https://genius.com/Logic-lord-willin-lyrics,https://images.genius.com/c634aa6628c02ec206119e6b849f5a02.1000x1000x1.jpg
2797965,Slave II,262962.0,https://genius.com/Logic-slave-ii-lyrics,https://images.genius.com/dc5faf8d31ffb2229e5eb76a51cf7947.1000x1000x1.jpg
3552472,Overnight,259098.0,https://genius.com/Logic-overnight-lyrics,https://images.genius.com/ecca619555735d1ae7b55fc72ec50140.1000x1000x1.jpg
506780,Driving Ms Daisy (Ft. Childish Gambino),251861.0,https://genius.com/Logic-driving-ms-daisy-lyrics,https://images.genius.com/2c9956b0499470e6d5e3e5d1e65f0713.500x500x1.jpg
64201,Young Sinatra III,251746.0,https://genius.com/Logic-young-sinatra-iii-lyrics,https://images.genius.com/9e4550262ffeceb594fdb67ba59980d4.1000x1000x1.jpg
3050769,Hallelujah,249308.0,https://genius.com/Logic-hallelujah-lyrics,https://images.genius.com/6964783fbf7f2eca0619a3bc156512dc.1000x1000x1.png
3976877,YSIV,247660.0,https://genius.com/Logic-ysiv-lyrics,https://images.genius.com/167533ad40b7f1e21f676764358f8b69.1000x1000x1.png
2343635,Paradise (Ft. Jesse Boykins III),244420.0,https://genius.com/Logic-paradise-lyrics,https://images.genius.com/c634aa6628c02ec206119e6b849f5a02.1000x1000x1.jpg
3050780,"America (Ft. Big Lenbo, Black Thought, Chuck D & No I.D.)",242731.0,https://genius.com/Logic-america-lyrics,https://images.genius.com/6964783fbf7f2eca0619a3bc156512dc.1000x1000x1.png
2343636,Never Been,231410.0,https://genius.com/Logic-never-been-lyrics,https://images.genius.com/c634aa6628c02ec206119e6b849f5a02.1000x1000x1.jpg
2338721,I Am the Greatest,227036.0,https://genius.com/Logic-i-am-the-greatest-lyrics,https://images.genius.com/c634aa6628c02ec206119e6b849f5a02.1000x1000x1.jpg
63082,Let Me Go (Ft. Lykke Li),226296.0,https://genius.com/Logic-let-me-go-lyrics,https://images.genius.com/6118bfdbbde22320e3c6bc130e1772d3.1000x1000x1.jpg
3915348,The Return,225065.0,https://genius.com/Logic-the-return-lyrics,https://images.genius.com/afaaaacff0bfec5e4358f4835209cff5.1000x1000x1.jpg
3565836,Contra,222354.0,https://genius.com/Logic-contra-lyrics,https://images.genius.com/9dbb0a253bee619d94e190382ef185d5.1000x1000x1.jpg
2343628,Innermission (Ft. Lucy Rose),222200.0,https://genius.com/Logic-innermission-lyrics,https://images.genius.com/c634aa6628c02ec206119e6b849f5a02.1000x1000x1.jpg
2343416,Upgrade,217260.0,https://genius.com/Logic-upgrade-lyrics,https://images.genius.com/c634aa6628c02ec206119e6b849f5a02.1000x1000x1.jpg
528311,Intro (Under Pressure),211611.0,https://genius.com/Logic-intro-under-pressure-lyrics,https://images.genius.com/0e10abfcaf58141b1b609d2c5ac04b6b.1000x1000x1.png
3712357,Start Again (Ft. Logic),209065.0,https://genius.com/Onerepublic-start-again-lyrics,https://images.genius.com/27e868d9647f022ed4a1f2dfe34922a6.1000x1000x1.jpg
3565844,Wassup (Ft. Big Sean),205086.0,https://genius.com/Logic-wassup-lyrics,https://images.genius.com/63c66d2062279080649c26b632183df5.1000x1000x1.jpg
149332,Welcome to Forever (Ft. Jon Bellion),204909.0,https://genius.com/Logic-welcome-to-forever-lyrics,https://images.genius.com/da76d57af3e6ee702af91bac2a18326a.1000x1000x1.jpg
5103526,GP4,203967.0,https://genius.com/Logic-gp4-lyrics,https://images.genius.com/65a95aebc48597705c2cc569cd20736e.1000x1000x1.png
73006,Dead Presidents III,201520.0,https://genius.com/Logic-dead-presidents-iii-lyrics,https://images.genius.com/4cb73fd1e86a44f861bc4ba694c17126.1000x1000x1.jpg
72927,Dear God,198057.0,https://genius.com/Logic-dear-god-lyrics,https://images.genius.com/4cb73fd1e86a44f861bc4ba694c17126.1000x1000x1.jpg
5529117,Perfect,195015.0,https://genius.com/Logic-perfect-lyrics,https://images.genius.com/65a95aebc48597705c2cc569cd20736e.1000x1000x1.png
3050771,Confess (Ft. Killer Mike),194902.0,https://genius.com/Logic-confess-lyrics,https://images.genius.com/6964783fbf7f2eca0619a3bc156512dc.1000x1000x1.png
3306468,Broken People,194079.0,https://genius.com/Logic-and-ragnbone-man-broken-people-lyrics,https://images.genius.com/ae443c0bdf901cb1ec1b674c6025a789.1000x1000x1.jpg
144097,Nasty,193296.0,https://genius.com/Logic-nasty-lyrics,https://images.genius.com/da76d57af3e6ee702af91bac2a18326a.1000x1000x1.jpg
141145,Roll Call,190031.0,https://genius.com/Logic-roll-call-lyrics,https://images.genius.com/0d26b491e66569d427764f0c4d36b2dd.604x604x1.jpg
4360561,Mama / Show Love (Ft. Cordae),186199.0,https://genius.com/Logic-mama-show-love-lyrics,https://images.genius.com/b8bc3fc4f330e08a83f5fc20182b092f.1000x1000x1.png
67630,Numbers,184872.0,https://genius.com/Logic-numbers-lyrics,https://images.genius.com/5d345fa7fee52d87407740867f717c32.936x936x1.jpg
398797,Now,184613.0,https://genius.com/Logic-now-lyrics,https://images.genius.com/3656652625e619d21e29bdd01b42a23d.500x500x1.jpg
5525751,No Pressure,183899.0,https://genius.com/Logic-no-pressure-lyrics,https://images.genius.com/65a95aebc48597705c2cc569cd20736e.1000x1000x1.png
3941845,Everybody Dies,183403.0,https://genius.com/Logic-everybody-dies-lyrics,https://images.genius.com/5ccbb977ba02fff0826405b701b7dd31.1000x1000x1.jpg
4539232,​​clickbait,182990.0,https://genius.com/Logic-clickbait-lyrics,https://images.genius.com/b8bc3fc4f330e08a83f5fc20182b092f.1000x1000x1.png
72929,Inception,182394.0,https://genius.com/Logic-inception-lyrics,https://images.genius.com/4cb73fd1e86a44f861bc4ba694c17126.1000x1000x1.jpg
3976900,ICONIC (Ft. Jaden),181698.0,https://genius.com/Logic-iconic-lyrics,https://images.genius.com/167533ad40b7f1e21f676764358f8b69.1000x1000x1.png
5526420,Soul Food II,179324.0,https://genius.com/Logic-soul-food-ii-lyrics,https://images.genius.com/65a95aebc48597705c2cc569cd20736e.1000x1000x1.png
66838,The Spotlight,175522.0,https://genius.com/Logic-the-spotlight-lyrics,https://images.genius.com/c7a4f9ef779837d10e3e18e4300b02c3.500x500x1.jpg
2798016,The Jam,170023.0,https://genius.com/Logic-the-jam-lyrics,https://images.genius.com/dc5faf8d31ffb2229e5eb76a51cf7947.1000x1000x1.jpg
4539231,Lost in Translation,169987.0,https://genius.com/Logic-lost-in-translation-lyrics,https://images.genius.com/b8bc3fc4f330e08a83f5fc20182b092f.1000x1000x1.png
145649,"XXL Freshmen 2013 Cypher - Part 3 (Ft. Angel Haze, Dizzy Wright & Logic)",169252.0,https://genius.com/Xxl-xxl-freshmen-2013-cypher-part-3-lyrics,https://images.genius.com/a9868aaf3e8fa75f528e7f7c13223298.1000x563x1.jpg
2797993,Deeper Than Money,167644.0,https://genius.com/Logic-deeper-than-money-lyrics,https://images.genius.com/dc5faf8d31ffb2229e5eb76a51cf7947.1000x1000x1.jpg
4360562,Icy (Ft. Gucci Mane),167274.0,https://genius.com/Logic-icy-lyrics,https://images.genius.com/81bf91fe8d85ca2cd42515be1aa48013.600x600x1.jpg
149361,Break It Down (Ft. Jhené Aiko),164853.0,https://genius.com/Logic-break-it-down-lyrics,https://images.genius.com/da76d57af3e6ee702af91bac2a18326a.1000x1000x1.jpg
149811,Young Jedi (Ft. Dizzy Wright),163975.0,https://genius.com/Logic-young-jedi-lyrics,https://images.genius.com/da76d57af3e6ee702af91bac2a18326a.1000x1000x1.jpg
4483125,Still Ballin (Ft. Wiz Khalifa),158425.0,https://genius.com/Logic-still-ballin-lyrics,https://images.genius.com/b8bc3fc4f330e08a83f5fc20182b092f.1000x1000x1.png
5555612,Open Mic\\Aquarius III,156915.0,https://genius.com/Logic-open-mic-aquarius-iii-lyrics,https://images.genius.com/8f7d9df10fc9fe72bd747728f385e2d5.316x316x1.jpg
3050782,Mos Definitely,156194.0,https://genius.com/Logic-mos-definitely-lyrics,https://images.genius.com/6964783fbf7f2eca0619a3bc156512dc.1000x1000x1.png
73019,Do Ya Like,155055.0,https://genius.com/Logic-do-ya-like-lyrics,https://images.genius.com/4cb73fd1e86a44f861bc4ba694c17126.1000x1000x1.jpg
73356,We Get High,154714.0,https://genius.com/Logic-we-get-high-lyrics,https://images.genius.com/4cb73fd1e86a44f861bc4ba694c17126.1000x1000x1.jpg
3853597,One Day (Ft. Ryan Tedder),153973.0,https://genius.com/Logic-one-day-lyrics,https://images.genius.com/318e33cce3c63b9ff10918867f4167e4.1000x1000x1.jpg
2771234,Slave,153395.0,https://genius.com/Logic-slave-lyrics,https://images.genius.com/dc5faf8d31ffb2229e5eb76a51cf7947.1000x1000x1.jpg
70377,Mind Of Logic (Ft. Camille Michelle Gray),152770.0,https://genius.com/Logic-mind-of-logic-lyrics,https://images.genius.com/6118bfdbbde22320e3c6bc130e1772d3.1000x1000x1.jpg
4965900,OCD,151156.0,https://genius.com/Logic-and-dwn2earth-ocd-lyrics,https://images.genius.com/51a5d9be20278645d9cd7bbb3cdff474.1000x1000x1.jpg
121312,Walk on By,148641.0,https://genius.com/Logic-walk-on-by-lyrics,https://images.genius.com/da76d57af3e6ee702af91bac2a18326a.1000x1000x1.jpg
3431843,1 (773) Vulture,146532.0,https://genius.com/Lil-durk-1-773-vulture-lyrics,https://images.genius.com/4259aebbf1351ac7aa12e114b9ed528b.1000x1000x1.png
2840151,All Of Me (Ft. Logic & ROZES),144925.0,https://genius.com/Big-gigantic-all-of-me-lyrics,https://images.genius.com/dd2e38ff557b2fd3fa74ff229af816a7.600x600x1.jpg
5776782,DadBod,143950.0,https://genius.com/Logic-dadbod-lyrics,https://images.genius.com/8f7d9df10fc9fe72bd747728f385e2d5.316x316x1.jpg
528306,Never Enough,143858.0,https://genius.com/Logic-never-enough-lyrics,https://images.genius.com/0e10abfcaf58141b1b609d2c5ac04b6b.1000x1000x1.png
3565837,BoomTrap Protocol,142091.0,https://genius.com/Logic-boomtrap-protocol-lyrics,https://images.genius.com/63c66d2062279080649c26b632183df5.1000x1000x1.jpg
71680,Tic Tac Toe,141952.0,https://genius.com/Logic-tic-tac-toe-lyrics,https://images.genius.com/6bcf68d3493ecd7b2e32376239382fc4.500x500x1.jpg
4902835,​man i is,141162.0,https://genius.com/Logic-man-i-is-lyrics,https://images.genius.com/65a95aebc48597705c2cc569cd20736e.1000x1000x1.png
149932,The High Life (Ft. Elijah Blake),140767.0,https://genius.com/Logic-the-high-life-lyrics,https://images.genius.com/da76d57af3e6ee702af91bac2a18326a.1000x1000x1.jpg
69877,As I Am,132891.0,https://genius.com/Logic-as-i-am-lyrics,https://images.genius.com/6118bfdbbde22320e3c6bc130e1772d3.1000x1000x1.jpg
5525461,Hit My Line,130355.0,https://genius.com/Logic-hit-my-line-lyrics,https://images.genius.com/65a95aebc48597705c2cc569cd20736e.1000x1000x1.png
72915,Relaxation,129410.0,https://genius.com/Logic-relaxation-lyrics,https://images.genius.com/4cb73fd1e86a44f861bc4ba694c17126.1000x1000x1.jpg
3565842,Wizard Of Oz,125451.0,https://genius.com/Logic-wizard-of-oz-lyrics,https://images.genius.com/63c66d2062279080649c26b632183df5.1000x1000x1.jpg
149357,On the Low (Ft. Kid Ink & Trinidad James),123493.0,https://genius.com/Logic-on-the-low-lyrics,https://images.genius.com/da76d57af3e6ee702af91bac2a18326a.1000x1000x1.jpg
3565843,State of Emergency (Ft. 2 Chainz),121566.0,https://genius.com/Logic-state-of-emergency-lyrics,https://images.genius.com/63c66d2062279080649c26b632183df5.1000x1000x1.jpg
149364,Common Logic / Midnight Marauder,120120.0,https://genius.com/Logic-common-logic-midnight-marauder-lyrics,https://images.genius.com/da76d57af3e6ee702af91bac2a18326a.1000x1000x1.jpg
5780718,Celebration (Ft. Silas),117231.0,https://genius.com/Logic-celebration-lyrics,https://images.genius.com/65a95aebc48597705c2cc569cd20736e.1000x1000x1.png
74303,Beggin (Ft. Shy Grey),116837.0,https://genius.com/Logic-beggin-lyrics,https://images.genius.com/6118bfdbbde22320e3c6bc130e1772d3.1000x1000x1.jpg
57041,Growing Pains II,115182.0,https://genius.com/Logic-growing-pains-ii-lyrics,https://images.genius.com/6118bfdbbde22320e3c6bc130e1772d3.1000x1000x1.jpg
2798050,​illuminatro,114238.0,https://genius.com/Logic-illuminatro-lyrics,https://images.genius.com/dc5faf8d31ffb2229e5eb76a51cf7947.1000x1000x1.jpg
348362,"24 Freestyle (Ft. Jon Bellion, Shy Grey & Sylvan LaCue)",113837.0,https://genius.com/Logic-24-freestyle-lyrics,https://images.rapgenius.com/00b4eaa7f66d06a778bbff5232db5f50.640x640x1.jpg
73182,Disgusting (Ft. Shy Grey),111503.0,https://genius.com/Logic-disgusting-lyrics,https://images.genius.com/4cb73fd1e86a44f861bc4ba694c17126.1000x1000x1.jpg
5780125,Obediently Yours,110384.0,https://genius.com/Logic-obediently-yours-lyrics,https://images.genius.com/65a95aebc48597705c2cc569cd20736e.1000x1000x1.png
62533,Young Sinatra II,108760.0,https://genius.com/Logic-young-sinatra-ii-lyrics,https://images.genius.com/6118bfdbbde22320e3c6bc130e1772d3.1000x1000x1.jpg
4539169,COMMANDO (Ft. G-Eazy),104922.0,https://genius.com/Logic-commando-lyrics,https://images.genius.com/b8bc3fc4f330e08a83f5fc20182b092f.1000x1000x1.png
3050781,Ink Blot (Ft. Juicy J),97523.0,https://genius.com/Logic-ink-blot-lyrics,https://images.genius.com/6964783fbf7f2eca0619a3bc156512dc.1000x1000x1.png
5780716,5 Hooks,96325.0,https://genius.com/Logic-5-hooks-lyrics,https://images.genius.com/65a95aebc48597705c2cc569cd20736e.1000x1000x1.png
140666,Feel Good,95506.0,https://genius.com/Logic-feel-good-lyrics,https://images.genius.com/da76d57af3e6ee702af91bac2a18326a.1000x1000x1.jpg
149362,Life Is Good,94113.0,https://genius.com/Logic-life-is-good-lyrics,https://images.genius.com/da76d57af3e6ee702af91bac2a18326a.1000x1000x1.jpg
5778592,Dark Place,93896.0,https://genius.com/Logic-dark-place-lyrics,https://images.genius.com/65a95aebc48597705c2cc569cd20736e.1000x1000x1.png
4859885,"Twisted (Ft. A$AP Rocky, Juicy J & Logic)",93358.0,https://genius.com/French-montana-twisted-lyrics,https://images.genius.com/b93eb6afa3d11399e8d46bc513d16a83.600x600x1.jpg
136633,The Come Up,92783.0,https://genius.com/Logic-the-come-up-lyrics,https://images.genius.com/da76d57af3e6ee702af91bac2a18326a.1000x1000x1.jpg
140422,925,92750.0,https://genius.com/Logic-925-lyrics,https://images.genius.com/da76d57af3e6ee702af91bac2a18326a.1000x1000x1.jpg
3976870,The Glorious Five,91441.0,https://genius.com/Logic-the-glorious-five-lyrics,https://images.genius.com/167533ad40b7f1e21f676764358f8b69.1000x1000x1.png
72950,Aye Girl,90502.0,https://genius.com/Logic-aye-girl-lyrics,https://images.genius.com/4cb73fd1e86a44f861bc4ba694c17126.1000x1000x1.jpg
76237,Young Sinatra,89547.0,https://genius.com/Logic-young-sinatra-lyrics,https://images.genius.com/0f21a1e2589d732e4a263527296e9f51.500x500x1.jpg
5525458,Heard Em Say,88655.0,https://genius.com/Logic-heard-em-say-lyrics,https://images.genius.com/65a95aebc48597705c2cc569cd20736e.1000x1000x1.png
59119,Live on the Air,88287.0,https://genius.com/Logic-live-on-the-air-lyrics,https://images.genius.com/6118bfdbbde22320e3c6bc130e1772d3.1000x1000x1.jpg
3050783,Waiting Room,86167.0,https://genius.com/Logic-waiting-room-lyrics,https://images.genius.com/6964783fbf7f2eca0619a3bc156512dc.1000x1000x1.png
713925,Top Ten (Ft. Big K.R.I.T.),85459.0,https://genius.com/Logic-top-ten-lyrics,https://images.rapgenius.com/9e2ee381460474e9238caf5738b55923.500x500x1.jpg
74705,Set the Tone,84809.0,https://genius.com/Logic-set-the-tone-lyrics,https://images.genius.com/4cb73fd1e86a44f861bc4ba694c17126.1000x1000x1.jpg
56816,Are You Ready (Ft. ADE),84360.0,https://genius.com/Logic-are-you-ready-lyrics,https://images.genius.com/6118bfdbbde22320e3c6bc130e1772d3.1000x1000x1.jpg
3976892,Ordinary Day (Ft. Hailee Steinfeld),82365.0,https://genius.com/Logic-ordinary-day-lyrics,https://images.genius.com/167533ad40b7f1e21f676764358f8b69.1000x1000x1.png
5477036,High Today (Ft. Logic),82286.0,https://genius.com/Wiz-khalifa-high-today-lyrics,https://images.genius.com/b1a60ed2aa73e300594cfbc5c76ba76d.1000x1000x1.jpg
4337021,Bohemian Trapsody,82079.0,https://genius.com/Logic-bohemian-trapsody-lyrics,https://images.genius.com/03ff49f812de1c2f2276c9bdcf5fe3a6.638x638x1.png
2343414,Contact,81859.0,https://genius.com/Logic-contact-lyrics,https://images.genius.com/c634aa6628c02ec206119e6b849f5a02.1000x1000x1.jpg
5780127,Amen,81788.0,https://genius.com/Logic-amen-lyrics,https://images.genius.com/65a95aebc48597705c2cc569cd20736e.1000x1000x1.png
4539201,Limitless,80429.0,https://genius.com/Logic-limitless-lyrics,https://images.genius.com/b8bc3fc4f330e08a83f5fc20182b092f.1000x1000x1.png
5778586,A2Z,80300.0,https://genius.com/Logic-a2z-lyrics,https://images.genius.com/65a95aebc48597705c2cc569cd20736e.1000x1000x1.png
3960895,Cocaine,80268.0,https://genius.com/Logic-cocaine-lyrics,https://images.genius.com/06bf17fa07f1737e6ac698235ff1f79a.1000x1000x1.jpg
73320,No Biggie,79908.0,https://genius.com/Logic-no-biggie-lyrics,https://images.genius.com/4cb73fd1e86a44f861bc4ba694c17126.1000x1000x1.jpg
663630,Lavish (Ft. Logic & Mojo margiela),79444.0,https://genius.com/Just-juice-lavish-lyrics,https://images.rapgenius.com/9f373f62330125fd233705f0b6b9db8f.500x500x1.jpg
62168,Shine On,75762.0,https://genius.com/Logic-shine-on-lyrics,https://images.genius.com/6118bfdbbde22320e3c6bc130e1772d3.1000x1000x1.jpg
149913,Just a Man,74023.0,https://genius.com/Logic-just-a-man-lyrics,https://images.genius.com/da76d57af3e6ee702af91bac2a18326a.1000x1000x1.jpg
3774137,Pretty Young Girl,73456.0,https://genius.com/Logic-pretty-young-girl-lyrics,https://images.genius.com/03ff49f812de1c2f2276c9bdcf5fe3a6.638x638x1.png
295759,"When the Lions Come (Ft. B.Keyz, Logic & Shy Grey)",73392.0,https://genius.com/Jon-bellion-when-the-lions-come-lyrics,https://images.genius.com/b242735f7f5caee82645d57df13bb9fc.1000x1000x1.jpg
2797968,A Word from Our Sponsor,70395.0,https://genius.com/Logic-a-word-from-our-sponsor-lyrics,https://images.genius.com/dc5faf8d31ffb2229e5eb76a51cf7947.1000x1000x1.jpg
3600172,Caterpillar (Remix) (Ft. King Green & Logic),70084.0,https://genius.com/Royce-da-59-caterpillar-remix-lyrics,https://images.genius.com/ece0d83dced13a6ca8fbcbc25cfd032f.640x640x1.jpg
3976786,Last Call,69552.0,https://genius.com/Logic-last-call-lyrics,https://images.genius.com/167533ad40b7f1e21f676764358f8b69.1000x1000x1.png
76334,500 Days of Summer,69322.0,https://genius.com/Logic-500-days-of-summer-lyrics,https://images.genius.com/4cb73fd1e86a44f861bc4ba694c17126.1000x1000x1.jpg
73023,All Sinatra Everything,68393.0,https://genius.com/Logic-all-sinatra-everything-lyrics,https://images.genius.com/4cb73fd1e86a44f861bc4ba694c17126.1000x1000x1.jpg
2797976,Studio Ambience at Night: Malibu,66525.0,https://genius.com/Logic-studio-ambience-at-night-malibu-lyrics,https://images.genius.com/dc5faf8d31ffb2229e5eb76a51cf7947.1000x1000x1.jpg
73239,Just Another Day (In My Mind),66316.0,https://genius.com/Logic-just-another-day-in-my-mind-lyrics,https://images.genius.com/6118bfdbbde22320e3c6bc130e1772d3.1000x1000x1.jpg
4096100,Pardon My Ego,65644.0,https://genius.com/Logic-pardon-my-ego-lyrics,https://images.genius.com/87f847e7f870c75d1033b1f643ad0824.440x440x1.png
2153474,Mode II (Ft. Logic),65216.0,https://genius.com/Prhyme-mode-ii-lyrics,https://images.rapgenius.com/6e0d66fe08d8829b802d9d7e28be6f77.600x600x1.jpg
73038,Used to Hate It,64575.0,https://genius.com/Logic-used-to-hate-it-lyrics,https://images.genius.com/4cb73fd1e86a44f861bc4ba694c17126.1000x1000x1.jpg
3976895,Legacy,63835.0,https://genius.com/Logic-legacy-lyrics,https://images.genius.com/167533ad40b7f1e21f676764358f8b69.1000x1000x1.png
4539191,BOBBY (Ft. Smokey Legendary),63831.0,https://genius.com/Logic-bobby-lyrics,https://images.genius.com/b8bc3fc4f330e08a83f5fc20182b092f.1000x1000x1.png
4539230,Wannabe,63422.0,https://genius.com/Logic-wannabe-lyrics,https://images.genius.com/b8bc3fc4f330e08a83f5fc20182b092f.1000x1000x1.png
2892121,You Can Count On Me (Ft. Logic),63176.0,https://genius.com/Ansel-elgort-you-can-count-on-me-lyrics,https://images.genius.com/726d9d52c919a223604ad44f9f8f4112.1000x1000x1.jpg
77052,Juice,62758.0,https://genius.com/Logic-juice-lyrics,https://images.genius.com/6118bfdbbde22320e3c6bc130e1772d3.1000x1000x1.jpg
61700,Can I Love,62329.0,https://genius.com/Logic-can-i-love-lyrics,https://images.genius.com/0f21a1e2589d732e4a263527296e9f51.500x500x1.jpg
3565835,Grandpa's Space Ship,61986.0,https://genius.com/Logic-grandpas-space-ship-lyrics,https://images.genius.com/63c66d2062279080649c26b632183df5.1000x1000x1.jpg
3976911,Street Dreams II,61213.0,https://genius.com/Logic-street-dreams-ii-lyrics,https://images.genius.com/167533ad40b7f1e21f676764358f8b69.1000x1000x1.png
206896,Untouchable (Ft. Kirk Knight & Logic),60240.0,https://genius.com/Dizzy-wright-untouchable-lyrics,https://images.genius.com/ea09a998a1233213167254830c7376ec.500x500x1.jpg
56698,Addiction,59865.0,https://genius.com/Logic-addiction-lyrics,https://images.genius.com/6118bfdbbde22320e3c6bc130e1772d3.1000x1000x1.jpg
4337023,Can I Kick It (Ft. Juto),59672.0,https://genius.com/Logic-can-i-kick-it-lyrics,https://images.genius.com/03ff49f812de1c2f2276c9bdcf5fe3a6.638x638x1.png
3976887,"The Adventures of Stoney Bob (Ft. Big Lenbo, Kajo & Slaydro)",58883.0,https://genius.com/Logic-the-adventures-of-stoney-bob-lyrics,https://images.genius.com/167533ad40b7f1e21f676764358f8b69.1000x1000x1.png
3270486,Sometimes (Ft. Logic),58590.0,https://genius.com/Snoh-aalegra-sometimes-lyrics,https://images.genius.com/3d5e91b4470dfc9f7947364c15b92ae3.1000x1000x1.jpg
284715,Like Me (Ft. Casey Veggies),58050.0,https://genius.com/Logic-like-me-lyrics,https://images.genius.com/9ca1f1fd3170414000c99be9bbaf3413.500x500x1.jpg
3976867,Thank You (Ft. Lucy Rose),57957.0,https://genius.com/Logic-thank-you-lyrics,https://images.genius.com/167533ad40b7f1e21f676764358f8b69.1000x1000x1.png
4539190,Don't Be Afraid to Be Different (Ft. Will Smith),56873.0,https://genius.com/Logic-dont-be-afraid-to-be-different-lyrics,https://images.genius.com/b8bc3fc4f330e08a83f5fc20182b092f.1000x1000x1.png
84604,My Chain,56552.0,https://genius.com/Logic-my-chain-lyrics,https://images.genius.com/136e97e5df4072eae2edf091c9e151ad.500x500x1.jpg
4539173,Out of Sight,55539.0,https://genius.com/Logic-out-of-sight-lyrics,https://images.genius.com/b8bc3fc4f330e08a83f5fc20182b092f.1000x1000x1.png
58012,One (Ft. Frank Sinatra),54983.0,https://genius.com/Logic-one-lyrics,https://images.genius.com/6118bfdbbde22320e3c6bc130e1772d3.1000x1000x1.jpg
220354,Two Kings (Ft. King Chip),53455.0,https://genius.com/Logic-two-kings-lyrics,https://images.genius.com/e6426f1597db3a468b6ed91caedb4cba.500x500x1.jpg
73811,RapMan,52997.0,https://genius.com/Logic-rapman-lyrics,https://images.genius.com/e6744a178f530c0835d68f3448da31bd.476x228x1.jpg
4796365,No Pressure Freestyle,52903.0,https://genius.com/Logic-no-pressure-freestyle-lyrics,https://images.genius.com/3fa5ee1a86434bf0f10b5054cb1eeb7d.1000x563x1.jpg
149370,The End,51400.0,https://genius.com/Logic-the-end-lyrics,https://images.genius.com/da76d57af3e6ee702af91bac2a18326a.1000x1000x1.jpg
1917881,Tryna' Tryna' (Ft. Logic),51040.0,https://genius.com/Lil-durk-tryna-tryna-lyrics,https://images.rapgenius.com/a26799d4cb5eaacdab4439eccdf983dd.1000x1000x1.jpg
3196825,Noob Noob (Rick and Morty),50647.0,https://genius.com/Logic-noob-noob-rick-and-morty-lyrics,https://images.genius.com/4f56477a9b632bc9b3dab4dbca64815a.1000x1000x1.jpg
4661885,These Days (Ft. Logic),48926.0,https://genius.com/Silas-these-days-lyrics,https://images.genius.com/8132742b09ddb9143de10af7ef2c4ef5.1000x1000x1.jpg
3926036,YSIV Freestyle,47644.0,https://genius.com/Logic-ysiv-freestyle-lyrics,https://images.genius.com/0f975524d106026e89de983689d007c4.900x900x1.jpg
6948350,Vaccine,47434.0,https://genius.com/Logic-vaccine-lyrics,https://images.genius.com/05caa50730369ff488742b2192e6378e.1000x1000x1.jpg
66912,"30,000",46865.0,https://genius.com/Logic-30000-lyrics,https://images.genius.com/6118bfdbbde22320e3c6bc130e1772d3.1000x1000x1.jpg
73458,Mixed Feelings,46409.0,https://genius.com/Logic-mixed-feelings-lyrics,https://images.genius.com/6118bfdbbde22320e3c6bc130e1772d3.1000x1000x1.jpg
4337027,Baby,45930.0,https://genius.com/Logic-baby-lyrics,https://images.genius.com/03ff49f812de1c2f2276c9bdcf5fe3a6.638x638x1.png
2343417,White People (Scene),44812.0,https://genius.com/Logic-white-people-scene-lyrics,https://images.genius.com/c634aa6628c02ec206119e6b849f5a02.1000x1000x1.jpg
75818,What You Want,44802.0,https://genius.com/Logic-what-you-want-lyrics,https://images.genius.com/4cb73fd1e86a44f861bc4ba694c17126.1000x1000x1.jpg
434294,Logic Sway In The Morning Freestyle (Ft. Logic),44596.0,https://genius.com/Sway-in-the-morning-logic-sway-in-the-morning-freestyle-lyrics,https://images.genius.com/713595941e62e1f51a4607077de55c52.372x372x1.png
74762,BackPack,41014.0,https://genius.com/Logic-backpack-lyrics,https://images.genius.com/0f21a1e2589d732e4a263527296e9f51.500x500x1.jpg
5591288,A Letter to My Younger Self,40878.0,https://genius.com/Quinn-xcii-and-logic-a-letter-to-my-younger-self-lyrics,https://images.genius.com/82bfb569f089a0998dfe0c0403068e74.640x640x1.jpg
4409626,I Love You Forever,40016.0,https://genius.com/Logic-i-love-you-forever-lyrics,https://images.genius.com/03ff49f812de1c2f2276c9bdcf5fe3a6.638x638x1.png
4408687,Supermarket,39726.0,https://genius.com/Logic-supermarket-lyrics,https://images.genius.com/03ff49f812de1c2f2276c9bdcf5fe3a6.638x638x1.png
3271377,1-800-273-8255 (Remix) (Ft. Alessia Cara & Khalid),39145.0,https://genius.com/Logic-and-juanes-1-800-273-8255-remix-lyrics,https://images.genius.com/90bea7e85e54534872557cf75d75dfc5.640x640x1.jpg
56302,Stewie Griffin,39000.0,https://genius.com/Logic-stewie-griffin-lyrics,https://images.genius.com/6118bfdbbde22320e3c6bc130e1772d3.1000x1000x1.jpg
90918,Growing Pains,38834.0,https://genius.com/Logic-growing-pains-lyrics,https://images.genius.com/0f21a1e2589d732e4a263527296e9f51.500x500x1.jpg
140732,XXL Freshman Freestyle: Logic,37435.0,https://genius.com/Logic-xxl-freshman-freestyle-logic-lyrics,https://images.genius.com/0f789841f35683899ac634daf282933d.670x913x1.jpg
501295,16 Bars Freestyle,37301.0,https://genius.com/Logic-16-bars-freestyle-lyrics,https://images.genius.com/0f975524d106026e89de983689d007c4.900x900x1.jpg
84543,WordPlay,37232.0,https://genius.com/Logic-wordplay-lyrics,https://images.genius.com/0f21a1e2589d732e4a263527296e9f51.500x500x1.jpg
75813,Life of a Don,36822.0,https://genius.com/Logic-life-of-a-don-lyrics,https://images.genius.com/4cb73fd1e86a44f861bc4ba694c17126.1000x1000x1.jpg
64049,Prime,36751.0,https://genius.com/Logic-prime-lyrics,https://images.genius.com/6118bfdbbde22320e3c6bc130e1772d3.1000x1000x1.jpg
72375,The Dream (Ft. Kayla Taitz),36574.0,https://genius.com/Logic-the-dream-lyrics,https://images.genius.com/1e70afcfffd67507a75d4944ae7cad44.700x700x1.jpg
64342,Sell Out Records (Skit),35900.0,https://genius.com/Logic-sell-out-records-skit-lyrics,https://images.genius.com/6118bfdbbde22320e3c6bc130e1772d3.1000x1000x1.jpg
2865302,Jack The Ripper,35644.0,https://genius.com/Logic-jack-the-ripper-lyrics,https://images.genius.com/0f975524d106026e89de983689d007c4.900x900x1.jpg
4422286,Lemon Drop,35600.0,https://genius.com/Logic-lemon-drop-lyrics,https://images.genius.com/03ff49f812de1c2f2276c9bdcf5fe3a6.638x638x1.png
3160221,Changes,34154.0,https://genius.com/Logic-changes-lyrics,https://images.genius.com/0f975524d106026e89de983689d007c4.900x900x1.jpg
73851,I Made It,33789.0,https://genius.com/Logic-i-made-it-lyrics,https://images.genius.com/4cb73fd1e86a44f861bc4ba694c17126.1000x1000x1.jpg
2399096,Tree Of Life (Ft. Killer Mike & Slug),33703.0,https://genius.com/Logic-tree-of-life-lyrics,https://images.rapgenius.com/c8fdc07acfb217be21b8943d224abeb4.562x554x1.png
4422282,Time Machine,32841.0,https://genius.com/Logic-time-machine-lyrics,https://images.genius.com/03ff49f812de1c2f2276c9bdcf5fe3a6.638x638x1.png
210968,20/20 (Ft. Logic),32513.0,https://genius.com/Lungz-20-20-lyrics,https://images.genius.com/e4788bea22e54112f225d32a4970b380.500x500x1.jpg
1790912,Transmission (Ft. Logic & X Ambassadors),32454.0,https://genius.com/Zedd-transmission-lyrics,https://images.genius.com/03d4674b171f85b8e89319017a0a00a7.992x992x1.png
80202,World Wide (Ft. Logic),31265.0,https://genius.com/Shy-grey-world-wide-lyrics,https://images.genius.com/b61c4e2746d817c716cbbe0cc4de1aab.612x612x1.jpg
182032,Lalala (Ft. Kendal),30716.0,https://genius.com/Logic-lalala-lyrics,https://images.genius.com/0f975524d106026e89de983689d007c4.900x900x1.jpg
2416636,Here (Logic Remix) (Ft. Logic),30118.0,https://genius.com/Alessia-cara-here-logic-remix-lyrics,https://images.genius.com/5280c29dc61385fd0e48b8d78dbf1051.1000x1000x1.jpg
115750,Love Jones,29946.0,https://genius.com/Logic-love-jones-lyrics,https://images.genius.com/0f21a1e2589d732e4a263527296e9f51.500x500x1.jpg
486556,"Alarm Clock (Ft. Ab-Soul, Jon Connor & Logic)",29830.0,https://genius.com/Statik-selektah-alarm-clock-lyrics,https://images.genius.com/a8d844f454736ac7262408cea89f2a3a.500x500x1.jpg
2027606,Willing To Die (Ft. Logic & Suffa),29564.0,https://genius.com/Gin-wigmore-willing-to-die-lyrics,https://images.rapgenius.com/3bb113d15ec5c87210ba39f9a8dac323.600x600x1.jpg
107513,Take It Slow (Ft. Raheem DeVaughn),28373.0,https://genius.com/Logic-take-it-slow-lyrics,https://images.genius.com/6118bfdbbde22320e3c6bc130e1772d3.1000x1000x1.jpg
73955,Nothing But A Hero RMX,28294.0,https://genius.com/Logic-nothing-but-a-hero-rmx-lyrics,https://images.genius.com/0f21a1e2589d732e4a263527296e9f51.500x500x1.jpg
3040510,Everybody Documentary,27549.0,https://genius.com/Logic-everybody-documentary-lyrics,https://images.genius.com/a98ea86daeef5b6ff887687767e78d28.667x1000x1.jpg
2343633,Babel (Scene),27076.0,https://genius.com/Logic-babel-scene-lyrics,https://images.genius.com/c634aa6628c02ec206119e6b849f5a02.1000x1000x1.jpg
423843,Finding Forever Freestyle,26924.0,https://genius.com/Logic-finding-forever-freestyle-lyrics,https://images.rapgenius.com/569efce01cb314101359425022547c7d.640x640x1.jpg
2360995,I Ain't Fukin Wit Cha (Ft. Logic),26520.0,https://genius.com/Juicy-j-i-aint-fukin-wit-cha-lyrics,https://images.rapgenius.com/f05dc6216dff2bcbcbba696968aa6c98.597x597x1.jpg
133652,Stain in the Game,26186.0,https://genius.com/Logic-stain-in-the-game-lyrics,https://images.genius.com/0f21a1e2589d732e4a263527296e9f51.500x500x1.jpg
2343629,The Cube (Scene),25655.0,https://genius.com/Logic-the-cube-scene-lyrics,https://images.genius.com/c634aa6628c02ec206119e6b849f5a02.1000x1000x1.jpg
73646,World Wide,25157.0,https://genius.com/Logic-world-wide-lyrics,https://images.genius.com/4cb73fd1e86a44f861bc4ba694c17126.1000x1000x1.jpg
83310,Highs & Lows,25107.0,https://genius.com/Logic-highs-and-lows-lyrics,https://images.genius.com/6118bfdbbde22320e3c6bc130e1772d3.1000x1000x1.jpg
146571,Tim Westwood Freestyle,24887.0,https://genius.com/Logic-tim-westwood-freestyle-lyrics,https://images.genius.com/0f975524d106026e89de983689d007c4.900x900x1.jpg
4422298,DeLorean,24695.0,https://genius.com/Logic-delorean-lyrics,https://images.genius.com/03ff49f812de1c2f2276c9bdcf5fe3a6.638x638x1.png
97057,Scenario,23970.0,https://genius.com/Logic-scenario-lyrics,https://images.genius.com/0f21a1e2589d732e4a263527296e9f51.500x500x1.jpg
404814,While You Wait,23964.0,https://genius.com/Logic-while-you-wait-lyrics,https://images.genius.com/9ecffbeadcbdb7bb2b4b4f02c040d9a1.500x500x1.jpg
70006,War Vet,23453.0,https://genius.com/Logic-war-vet-lyrics,https://images.genius.com/84e1874561493e167539fd1b2657be36.700x700x1.jpg
98659,I Just Wanna,22624.0,https://genius.com/Logic-i-just-wanna-lyrics,https://images.genius.com/0f21a1e2589d732e4a263527296e9f51.500x500x1.jpg
4902828,Perfect (Demo),21991.0,https://genius.com/Logic-perfect-demo-lyrics,https://images.genius.com/0f975524d106026e89de983689d007c4.900x900x1.jpg
5526068,See You Space Cowboy...,21795.0,https://genius.com/Logic-see-you-space-cowboy-lyrics,https://images.genius.com/40b98daf12f92f25cb9df75d79ec0fed.1000x1000x1.png
2343638,Lucidity (Scene),21433.0,https://genius.com/Logic-lucidity-scene-lyrics,https://images.genius.com/c634aa6628c02ec206119e6b849f5a02.1000x1000x1.jpg
157545,I Got This (Ft. Logic & VIC MENSA),21269.0,https://genius.com/Tyler-thomas-i-got-this-lyrics,https://images.genius.com/1e4234a88c7f7ffd0546473add436e69.500x500x1.jpg
4422284,By the Bridge,21180.0,https://genius.com/Logic-by-the-bridge-lyrics,https://images.genius.com/03ff49f812de1c2f2276c9bdcf5fe3a6.638x638x1.png
4422285,Best Friend,21092.0,https://genius.com/Logic-best-friend-lyrics,https://images.genius.com/03ff49f812de1c2f2276c9bdcf5fe3a6.638x638x1.png
2388816,Mode (Ft. Logic),21086.0,https://genius.com/Prhyme-mode-lyrics,https://images.genius.com/39076b922852cfdb5abdde7da4c5c03a.500x500x1.jpg
5397553,Flawless,20765.0,https://genius.com/Logic-flawless-lyrics,https://images.genius.com/40b98daf12f92f25cb9df75d79ec0fed.1000x1000x1.png
6922384,Intro,20463.0,https://genius.com/Logic-intro-lyrics,https://images.genius.com/c516592142ed5558ca9c95bb9cb51c2f.1000x1000x1.jpg
149382,"Saturday (Skit) (Ft. John ""Pops"" Witherspoon)",19623.0,https://genius.com/Logic-saturday-skit-lyrics,https://images.genius.com/da76d57af3e6ee702af91bac2a18326a.1000x1000x1.jpg
61702,Sellin' Drugs,19552.0,https://genius.com/Logic-sellin-drugs-lyrics,https://images.genius.com/0f21a1e2589d732e4a263527296e9f51.500x500x1.jpg
69740,Back and Forth (Ft. Shy Grey),19150.0,https://genius.com/Logic-back-and-forth-lyrics,https://images.genius.com/0f21a1e2589d732e4a263527296e9f51.500x500x1.jpg
3252273,1-800-273-8255,18901.0,https://genius.com/Our-last-night-1-800-273-8255-lyrics,https://images.genius.com/b38897b2eb4bd05ea0a8e3e66ec39c59.800x800x1.jpg
106824,Street Dreams,18888.0,https://genius.com/Logic-street-dreams-lyrics,https://images.genius.com/fb81ff76ccd331256019908ca8459869.445x445x1.png
512226,Biscayne Blvd,18686.0,https://genius.com/Sylvan-lacue-biscayne-blvd-lyrics,https://images.rapgenius.com/161b5cd63f9242ee61f119454b84a0a3.500x500x1.jpg
6674462,God Might Judge,18572.0,https://genius.com/Logic-god-might-judge-lyrics,https://images.genius.com/40b98daf12f92f25cb9df75d79ec0fed.1000x1000x1.png
4242986,Ayy (Ft. Logic & YG),18490.0,https://genius.com/Berner-and-mozzy-ayy-lyrics,https://images.genius.com/86a8fa3c265c560b4e85930e7ce424da.680x680x1.jpg
85660,Give It To Me,18422.0,https://genius.com/Logic-give-it-to-me-lyrics,https://images.genius.com/0f21a1e2589d732e4a263527296e9f51.500x500x1.jpg
6030611,Call Me,17962.0,https://genius.com/Logic-call-me-lyrics,https://images.genius.com/2b1c714f08a8ec24c3805a2d16a6ebfb.1000x1000x1.jpg
6989440,Get Up,17742.0,https://genius.com/Logic-get-up-lyrics,https://images.genius.com/3f145a033c112146a720606193017e1d.1000x1000x1.jpg
3908756,Playinwitme (Remix) (Ft. Kehlani & Logic),17731.0,https://genius.com/Kyle-playinwitme-remix-lyrics,https://images.genius.com/efb8daf9985f13eef4e5efc95cfed09c.500x500x1.jpg
141886,I Want It All,17646.0,https://genius.com/Logic-i-want-it-all-lyrics,https://images.genius.com/0f21a1e2589d732e4a263527296e9f51.500x500x1.jpg
515561,Everything I Am (Ft. Audio Push & Hit-Boy),17440.0,https://genius.com/Logic-everything-i-am-lyrics,https://images.genius.com/7798b08ef0f3b80a844c28baf8957a7d.350x350x1.jpg
5821207,1995 (Ft. Logic),16911.0,https://genius.com/Juicy-j-1995-lyrics,https://images.genius.com/97b337ec4342c69c0f2d682df271eeb3.600x600x1.jpg
82291,Champagne Thoughts (Interlude),16829.0,https://genius.com/Logic-champagne-thoughts-interlude-lyrics,https://images.genius.com/6118bfdbbde22320e3c6bc130e1772d3.1000x1000x1.jpg
97279,Concrete,16829.0,https://genius.com/Logic-concrete-lyrics,https://images.genius.com/bc42710db3fbea033fc7bce819b523d5.600x600x1.jpg
4129509,I'm Probably Gonna Rock Your World,16775.0,https://genius.com/Logic-im-probably-gonna-rock-your-world-lyrics,https://images.genius.com/03ff49f812de1c2f2276c9bdcf5fe3a6.638x638x1.png
135962,Gone,16463.0,https://genius.com/Logic-gone-lyrics,https://images.genius.com/d066a9988a6b27fce3cb4f1430fd628f.660x660x1.jpg
339445,Intro (Blow Your Mind),16195.0,https://genius.com/Logic-intro-blow-your-mind-lyrics,https://images.genius.com/646d03f37cdf5b66ef95c6ca341ba5fb.588x588x1.jpg
3107385,Home (Remix) (Ft. Logic),16083.0,https://genius.com/Snoh-aalegra-home-remix-lyrics,https://images.genius.com/4cbbe3e8e4ede6b6cbe454db341ae388.640x640x1.jpg
135520,Why Would I Lie,16076.0,https://genius.com/Logic-why-would-i-lie-lyrics,https://images.genius.com/646d03f37cdf5b66ef95c6ca341ba5fb.588x588x1.jpg
2300278,"The Incredible True Story (Trailer) (Ft. Anna Elyse, Kevin Randolph & Steve Blum)",14817.0,https://genius.com/Logic-the-incredible-true-story-trailer-lyrics,https://images.rapgenius.com/8887bc63278ddb0650df63f2752656d3.1000x500x1.jpg
3583208,Bennie and the Jets (2018 Version),14634.0,https://genius.com/Elton-john-p-nk-and-logic-bennie-and-the-jets-2018-version-lyrics,https://images.genius.com/2bc9778f1edbf4fef7bc3e56fd97d13c.440x440x1.jpg
99332,Worthy,14175.0,https://genius.com/Logic-worthy-lyrics,https://images.genius.com/0f21a1e2589d732e4a263527296e9f51.500x500x1.jpg
4940196,Ultra Violent,13934.0,https://genius.com/Logic-ultra-violent-lyrics,https://images.genius.com/c9502aab8e01173fff7e38b4ed8d394f.1000x1000x1.jpg
7042850,Inside (Ft. Cynthia Erivo),13669.0,https://genius.com/Logic-inside-lyrics,https://images.genius.com/40b98daf12f92f25cb9df75d79ec0fed.1000x1000x1.png
103627,Ask 'Em,13125.0,https://genius.com/Logic-ask-em-lyrics,https://images.genius.com/0f21a1e2589d732e4a263527296e9f51.500x500x1.jpg
149374,Randolph Returns (Skit),12891.0,https://genius.com/Logic-randolph-returns-skit-lyrics,https://images.genius.com/da76d57af3e6ee702af91bac2a18326a.1000x1000x1.jpg
3203245,The Realest,12804.0,https://genius.com/Logic-the-realest-lyrics,https://images.genius.com/0f975524d106026e89de983689d007c4.900x900x1.jpg
3351844,The Feeling (Ft. Logic),12724.0,https://genius.com/John-lindahl-the-feeling-lyrics,https://images.genius.com/e17900af453bf712f6910302e761d2a2.768x766x1.png
5816817,GAH DAMN HIGH (Ft. Wiz Khalifa),12719.0,https://genius.com/Juicy-j-and-lex-luger-gah-damn-high-lyrics,https://images.genius.com/ff349623b0c81e3312c8ef8aad6420dd.1000x1000x1.png
4859878,50's & 100's (Ft. Juicy J),12638.0,https://genius.com/French-montana-50s-and-100s-lyrics,https://images.genius.com/e0521c5918333446291e57ad65c60e58.1000x1000x1.png
541785,"2014 BET Hip Hop Awards - Cypher 3 (Ft. Dee-1, Detroit Che, Lil' Mama, Logic & Troy Ave)",12485.0,https://genius.com/Bet-2014-bet-hip-hop-awards-cypher-3-lyrics,https://images.genius.com/fc1e88d5ec7b721595b67a928376a97d.1000x562x1.jpg
7042854,​untitled,12313.0,https://genius.com/Logic-untitled-lyrics,https://images.genius.com/40b98daf12f92f25cb9df75d79ec0fed.1000x1000x1.png
332594,Juveniles (Ft. Jill Scott & Logic),12141.0,https://genius.com/Audio-push-juveniles-lyrics,https://images.genius.com/4d40ad0cecc1bc367df744b70c1a1d81.500x500x1.jpg
3074482,Ice Cold (Ft. Logic),12065.0,https://genius.com/Big-lenbo-ice-cold-lyrics,https://images.genius.com/fed8a95e79e9400f52ddbdec418df08a.500x500x1.jpg
4422297,Vacation from Myself,11038.0,https://genius.com/Logic-vacation-from-myself-lyrics,https://images.genius.com/03ff49f812de1c2f2276c9bdcf5fe3a6.638x638x1.png
6407108,Planetory Destruction (Ft. Big Lenbo),10937.0,https://genius.com/Doctor-destruction-planetory-destruction-lyrics,https://images.genius.com/2cbf13668848876feb314b10c90de3dd.1000x1000x1.jpg
7042852,Theme for the People,10864.0,https://genius.com/Logic-theme-for-the-people-lyrics,https://images.genius.com/40b98daf12f92f25cb9df75d79ec0fed.1000x1000x1.png
6997261,My Way,10811.0,https://genius.com/Logic-my-way-lyrics,https://images.genius.com/674b1b525dd5dac8379c9c064a6ac7da.1000x1000x1.jpg
367662,Logic On The Beat,10391.0,https://genius.com/Logic-logic-on-the-beat-lyrics,https://images.genius.com/646d03f37cdf5b66ef95c6ca341ba5fb.588x588x1.jpg
455750,"Young, Broke, and Infamous",9937.0,https://genius.com/Logic-young-broke-and-infamous-lyrics,https://images.genius.com/0f21a1e2589d732e4a263527296e9f51.500x500x1.jpg
347592,A Third Person Story,9625.0,https://genius.com/Logic-a-third-person-story-lyrics,https://images.genius.com/646d03f37cdf5b66ef95c6ca341ba5fb.588x588x1.jpg
6407115,"Back to the Basement (Ft. Big Lenbo, Se7enth Assassin, Shy Grey & Silas)",9503.0,https://genius.com/Doctor-destruction-back-to-the-basement-lyrics,https://images.genius.com/2cbf13668848876feb314b10c90de3dd.1000x1000x1.jpg
431279,Shade 45 Freestyle,8969.0,https://genius.com/Logic-shade-45-freestyle-lyrics,https://images.genius.com/0f975524d106026e89de983689d007c4.900x900x1.jpg
4866250,Not Right Now*,8888.0,https://genius.com/Logic-not-right-now-lyrics,https://images.genius.com/0f975524d106026e89de983689d007c4.900x900x1.jpg
105941,'95 Tip,8805.0,https://genius.com/Logic-95-tip-lyrics,https://images.genius.com/646d03f37cdf5b66ef95c6ca341ba5fb.588x588x1.jpg
6030595,Tokyo Nights (Ft. Like),8654.0,https://genius.com/Logic-tokyo-nights-lyrics,https://images.genius.com/915d98ed66d0af1522c1d7eff110e83b.1000x1000x1.jpg
4084455,Do What You Love (Ft. Ariea),8455.0,https://genius.com/Logic-x-hitrecord-do-what-you-love-lyrics,https://images.genius.com/9a12996055dd70ea83d90c485fe43884.730x730x1.jpg
4929691,Fun Up Here (Ft. Logic),8385.0,https://genius.com/Mike-posner-fun-up-here-lyrics,https://images.genius.com/4fe58ead3bd69f87f5442ebff9f0e175.1000x1000x1.jpg
4065001,No Country for Old Man (Ft. John Lindahl),8262.0,https://genius.com/Logic-no-country-for-old-man-lyrics,https://images.genius.com/58d757ef26eccfb723d6a73c28bd3fd5.546x546x1.jpg
698060,Skyscraper (Ft. King Chip & Logic),8047.0,https://genius.com/Demrick-and-cali-cleve-skyscraper-lyrics,https://images.genius.com/5dc76bb4691fd77aeb85b344dfd310ef.1000x1000x1.jpg
3725371,Dope Talent (Ft. Logic),7766.0,https://genius.com/Dizzy-wright-dope-talent-lyrics,https://images.genius.com/823cd17c3e2c381313ae017057b1b88c.750x750x1.jpg
6738525,Mars Only pt. 3,7662.0,https://genius.com/Madgic-mars-only-pt-3-lyrics,https://images.genius.com/63ec3b41cd35e914f88cea2a4e79094e.495x492x1.png
6034159,Waspy II (Ft. Logic),7443.0,https://genius.com/G-eazy-waspy-ii-lyrics,https://images.genius.com/443f037c8c55579a554be7022134be54.1000x1000x1.jpg
554835,Big Boy's Neighborhood Freestyle,6983.0,https://genius.com/Logic-big-boys-neighborhood-freestyle-lyrics,https://images.genius.com/0f975524d106026e89de983689d007c4.900x900x1.jpg
5821211,LOAD IT UP (Ft. NLE Choppa),6894.0,https://genius.com/Juicy-j-load-it-up-lyrics,https://images.genius.com/3bcb1518263570034704e60ed31983ed.1000x1000x1.png
149653,ThirstMail (Skit),6692.0,https://genius.com/Logic-thirstmail-skit-lyrics,https://images.genius.com/4cb73fd1e86a44f861bc4ba694c17126.1000x1000x1.jpg
5821210,SHAWTY BAD (Ft. Logic),6082.0,https://genius.com/Juicy-j-shawty-bad-lyrics,https://images.genius.com/583cdd9ca3f8127d0f254ebfa4fdc765.1000x1000x1.png
7042849,​introll,6037.0,https://genius.com/Logic-introll-lyrics,https://images.genius.com/40b98daf12f92f25cb9df75d79ec0fed.1000x1000x1.png
372941,On Lock,5917.0,https://genius.com/Logic-on-lock-lyrics,https://images.genius.com/646d03f37cdf5b66ef95c6ca341ba5fb.588x588x1.jpg
376570,We Ballin',5741.0,https://genius.com/Logic-we-ballin-lyrics,https://images.genius.com/0f975524d106026e89de983689d007c4.900x900x1.jpg
49173,Perfect Day (Ft. Chink Santana & Logic),5585.0,https://genius.com/Jim-jones-perfect-day-lyrics,https://images.genius.com/de51b0499991bc8febf098c391d82a66.400x400x1.png
728678,Lyricism,5568.0,https://genius.com/Logic-lyricism-lyrics,https://images.genius.com/646d03f37cdf5b66ef95c6ca341ba5fb.588x588x1.jpg
79206,Feels Right (Ft. Logic),5488.0,https://genius.com/Yonas-feels-right-lyrics,https://images.genius.com/92bf10efd085d04b457df2651f11ea3a.500x500x1.jpg
741294,Fire In The Booth Freestyle (Ft. Charlie Sloth),5475.0,https://genius.com/Logic-fire-in-the-booth-freestyle-lyrics,https://images.genius.com/0f975524d106026e89de983689d007c4.900x900x1.jpg
6407117,Butt Ass Naked (Ft. Black_Chocolate & Marc Rebillet),5298.0,https://genius.com/Doctor-destruction-butt-ass-naked-lyrics,https://images.genius.com/3f00ee1a364ce9db9e8a65d23b3317b6.1000x1000x1.jpg
373590,Hunger,5201.0,https://genius.com/Logic-hunger-lyrics,https://images.genius.com/646d03f37cdf5b66ef95c6ca341ba5fb.588x588x1.jpg
6407116,Outer Space Gang (Ft. J Mars & Like),5140.0,https://genius.com/Doctor-destruction-outer-space-gang-lyrics,https://images.genius.com/3f00ee1a364ce9db9e8a65d23b3317b6.1000x1000x1.jpg
83364,Logic 4 Leak,5122.0,https://genius.com/Logic-logic-4-leak-lyrics,https://images.genius.com/0f975524d106026e89de983689d007c4.900x900x1.jpg
151035,Nowhere to Go (Ft. Logic),5074.0,https://genius.com/Sylvan-lacue-nowhere-to-go-lyrics,https://images.rapgenius.com/d58f3c63517ed25dfdbd3e4cf7b68369.580x580x1.jpg
