id,title,views,lyric_url,art_url,release_date
3835137,Self Care,1348484.0,https://genius.com/Mac-miller-self-care-lyrics,https://images.genius.com/0327e4a856f14b2430e6e1a9333b1f1f.1000x1000x1.jpg,2018-07-13
4831705,Good News,1184563.0,https://genius.com/Mac-miller-good-news-lyrics,https://images.genius.com/f5528ff2f79b8c9aaf79f41beaea2379.1000x1000x1.jpg,2020-01-09
2305085,Weekend (Ft. Miguel),832279.0,https://genius.com/Mac-miller-weekend-lyrics,https://images.genius.com/f2c75e5f34f94ec77aa311b7e5f73226.1000x1000x1.jpg,2015-09-18
3835477,2009,821638.0,https://genius.com/Mac-miller-2009-lyrics,https://images.genius.com/0327e4a856f14b2430e6e1a9333b1f1f.1000x1000x1.jpg,2018-08-03
152925,Objects In the Mirror,799118.0,https://genius.com/Mac-miller-objects-in-the-mirror-lyrics,https://images.genius.com/a3c35951e6e5812aca6c91bc1bd7dfa4.1000x1000x1.png,2013-06-18
2858791,Cinderella (Ft. Ty Dolla $ign),757556.0,https://genius.com/Mac-miller-cinderella-lyrics,https://images.genius.com/90ac108ffd303212d5c183737c4cc1c0.1000x1000x1.jpg,2016-09-16
131712,The Way (Ft. Mac Miller),640756.0,https://genius.com/Ariana-grande-the-way-lyrics,https://images.rapgenius.com/114c17a3576f17d3f6104cad21f43433.1000x1000x1.jpg,2013-03-25
3835462,Come Back to Earth,572082.0,https://genius.com/Mac-miller-come-back-to-earth-lyrics,https://images.genius.com/0327e4a856f14b2430e6e1a9333b1f1f.1000x1000x1.jpg,2018-08-03
359814,Diablo,545706.0,https://genius.com/Mac-miller-diablo-lyrics,https://images.genius.com/7e60f39271ebf7bc3190aac4f51df5c2.1000x1000x1.jpg,2014-02-09
2841001,My Favorite Part (Ft. Ariana Grande),533170.0,https://genius.com/Mac-miller-my-favorite-part-lyrics,https://images.genius.com/2a6410faee2db00d346dd6365d8692dd.1000x1000x1.jpg,2016-09-08
2828305,Dang! (Ft. Anderson .Paak),523967.0,https://genius.com/Mac-miller-dang-lyrics,https://images.genius.com/40e967c3cba9b6540f4d3d83f6ffd634.1000x1000x1.jpg,2016-07-28
4240,Donald Trump,507074.0,https://genius.com/Mac-miller-donald-trump-lyrics,https://images.genius.com/18474c48d796d3105ce95648ad3902a6.1000x1000x1.jpg,2011-02-08
5410,Best Day Ever,505062.0,https://genius.com/Mac-miller-best-day-ever-lyrics,https://images.genius.com/608ff36f2148e5173905f0495ed3ed51.1000x1000x1.jpg,2011-03-11
3835465,Hurt Feelings,485340.0,https://genius.com/Mac-miller-hurt-feelings-lyrics,https://images.genius.com/0327e4a856f14b2430e6e1a9333b1f1f.1000x1000x1.jpg,2018-08-03
69157,Fight the Feeling (Ft. Iman Omari & Kendrick Lamar),466660.0,https://genius.com/Mac-miller-fight-the-feeling-lyrics,https://images.genius.com/18b93aa441589ba982c97a6f8d7e0ccf.1000x1000x1.jpg,2012-03-23
4844376,Circles,461869.0,https://genius.com/Mac-miller-circles-lyrics,https://images.genius.com/f5528ff2f79b8c9aaf79f41beaea2379.1000x1000x1.jpg,2020-01-17
67313,Loud,441060.0,https://genius.com/Mac-miller-loud-lyrics,https://images.genius.com/356def08ebd3772d478e22ee8577f9f2.1000x1000x1.jpg,2012-03-02
151020,Red Dot Music (Ft. Action Bronson & Loaded Lux),439573.0,https://genius.com/Mac-miller-red-dot-music-lyrics,https://images.genius.com/a3c35951e6e5812aca6c91bc1bd7dfa4.1000x1000x1.png,2013-06-18
3835471,Ladders,423116.0,https://genius.com/Mac-miller-ladders-lyrics,https://images.genius.com/0327e4a856f14b2430e6e1a9333b1f1f.1000x1000x1.jpg,2018-08-03
155222,The Star Room,420222.0,https://genius.com/Mac-miller-the-star-room-lyrics,https://images.genius.com/a3c35951e6e5812aca6c91bc1bd7dfa4.1000x1000x1.png,2013-06-18
5162490,Hand Me Downs (Ft. Baro Sura),417797.0,https://genius.com/Mac-miller-hand-me-downs-lyrics,https://images.genius.com/f5528ff2f79b8c9aaf79f41beaea2379.1000x1000x1.jpg,2020-01-17
2305126,ROS,408184.0,https://genius.com/Mac-miller-ros-lyrics,https://images.genius.com/f2c75e5f34f94ec77aa311b7e5f73226.1000x1000x1.jpg,2015-09-18
426771,New Faces v2 (Ft. Da$H & Earl Sweatshirt),401049.0,https://genius.com/Mac-miller-new-faces-v2-lyrics,https://images.genius.com/13ce35ef8b892b61cbe71e14f5a9e8f2.1000x1000x1.jpg,2014-05-11
3835466,What's the Use?,395912.0,https://genius.com/Mac-miller-whats-the-use-lyrics,https://images.genius.com/0327e4a856f14b2430e6e1a9333b1f1f.1000x1000x1.jpg,2018-07-23
3752074,Small Worlds,389509.0,https://genius.com/Mac-miller-small-worlds-lyrics,https://images.genius.com/10624bfa6303dbf9338671eade158dc5.1000x1000x1.png,2018-05-30
155230,REMember,368768.0,https://genius.com/Mac-miller-remember-lyrics,https://images.genius.com/c97dc009b7b1ff0982e14799c3dd3042.375x375x1.jpg,2013-06-18
2840990,"God Is Fair, Sexy Nasty (Ft. Kendrick Lamar)",366290.0,https://genius.com/Mac-miller-god-is-fair-sexy-nasty-lyrics,https://images.genius.com/90ac108ffd303212d5c183737c4cc1c0.1000x1000x1.jpg,2016-09-16
2305120,Perfect Circle / God Speed,352344.0,https://genius.com/Mac-miller-perfect-circle-god-speed-lyrics,https://images.genius.com/f2c75e5f34f94ec77aa311b7e5f73226.1000x1000x1.jpg,2015-09-18
3835469,Wings,341528.0,https://genius.com/Mac-miller-wings-lyrics,https://images.genius.com/0327e4a856f14b2430e6e1a9333b1f1f.1000x1000x1.jpg,2018-08-03
3835474,Dunno,332692.0,https://genius.com/Mac-miller-dunno-lyrics,https://images.genius.com/0327e4a856f14b2430e6e1a9333b1f1f.1000x1000x1.jpg,2018-08-03
131781,S.D.S.,328409.0,https://genius.com/Mac-miller-sds-lyrics,https://images.genius.com/453961a7aa51da36d7231232ce7f4333.1000x1000x1.png,2013-04-23
5162486,Blue World,325021.0,https://genius.com/Mac-miller-blue-world-lyrics,https://images.genius.com/f5528ff2f79b8c9aaf79f41beaea2379.1000x1000x1.jpg,2020-01-17
150356,I Am Who Am (Killin' Time) (Ft. Niki Randa),320803.0,https://genius.com/Mac-miller-i-am-who-am-killin-time-lyrics,https://images.genius.com/a3c35951e6e5812aca6c91bc1bd7dfa4.1000x1000x1.png,2013-06-18
150336,Watching Movies,319827.0,https://genius.com/Mac-miller-watching-movies-lyrics,https://images.genius.com/507622263ccb9f255487fdc82859d700.1000x1000x1.jpg,2013-05-09
3835476,Jet Fuel,309132.0,https://genius.com/Mac-miller-jet-fuel-lyrics,https://images.genius.com/0327e4a856f14b2430e6e1a9333b1f1f.1000x1000x1.jpg,2018-08-03
2847439,Stay,308375.0,https://genius.com/Mac-miller-stay-lyrics,https://images.genius.com/90ac108ffd303212d5c183737c4cc1c0.1000x1000x1.jpg,2016-09-16
87030,Someone Like You,307620.0,https://genius.com/Mac-miller-someone-like-you-lyrics,https://images.genius.com/a3c35951e6e5812aca6c91bc1bd7dfa4.1000x1000x1.png,2013-06-18
2843734,Congratulations (Ft. Bilal),306540.0,https://genius.com/Mac-miller-congratulations-lyrics,https://images.genius.com/90ac108ffd303212d5c183737c4cc1c0.1000x1000x1.jpg,2016-09-16
69148,Thoughts from a Balcony,297002.0,https://genius.com/Mac-miller-thoughts-from-a-balcony-lyrics,https://images.genius.com/18b93aa441589ba982c97a6f8d7e0ccf.1000x1000x1.jpg,2012-03-23
1618,Nikes on My Feet,294291.0,https://genius.com/Mac-miller-nikes-on-my-feet-lyrics,https://images.genius.com/ee6afce25e9d4092f11c610d0876898c.1000x1000x1.jpg,2010-06-01
69150,Lucky Ass Bitch (Ft. Juicy J),291028.0,https://genius.com/Mac-miller-lucky-ass-bitch-lyrics,https://images.genius.com/4d1a13e0c78641aca03b4cbf60658d59.1000x1000x1.jpg,2012-03-23
128454,Guild (Ft. Mac Miller),288243.0,https://genius.com/Earl-sweatshirt-guild-lyrics,https://images.genius.com/c5a84e1fffc69e59a2cae6e1e07f2f13.720x720x1.png,2013-05-23
1850,The Spins,287333.0,https://genius.com/Mac-miller-the-spins-lyrics,https://images.genius.com/a8de6b36ccc06b0e9096884115bfea8c.1000x1000x1.jpg,2010-08-13
5162488,Woods,280357.0,https://genius.com/Mac-miller-woods-lyrics,https://images.genius.com/f5528ff2f79b8c9aaf79f41beaea2379.1000x1000x1.jpg,2020-01-17
154639,Gees (Ft. ScHoolboy Q),274290.0,https://genius.com/Mac-miller-gees-lyrics,https://images.genius.com/a3c35951e6e5812aca6c91bc1bd7dfa4.1000x1000x1.png,2013-06-18
426749,Friends (Ft. ScHoolboy Q),274240.0,https://genius.com/Mac-miller-friends-lyrics,https://images.genius.com/13ce35ef8b892b61cbe71e14f5a9e8f2.1000x1000x1.jpg,2014-05-11
5162492,Surf,273803.0,https://genius.com/Mac-miller-surf-lyrics,https://images.genius.com/f5528ff2f79b8c9aaf79f41beaea2379.1000x1000x1.jpg,2020-01-17
54458,Frick Park Market,258569.0,https://genius.com/Mac-miller-frick-park-market-lyrics,https://images.genius.com/0051d2207d96a40e82e149888f63c40c.1000x1000x1.jpg,2011-08-18
3835478,So It Goes,248588.0,https://genius.com/Mac-miller-so-it-goes-lyrics,https://images.genius.com/0327e4a856f14b2430e6e1a9333b1f1f.1000x1000x1.jpg,2018-08-03
155225,I'm Not Real (Ft. Earl Sweatshirt),248198.0,https://genius.com/Mac-miller-im-not-real-lyrics,https://images.genius.com/a3c35951e6e5812aca6c91bc1bd7dfa4.1000x1000x1.png,2013-06-18
155224,Avian,246908.0,https://genius.com/Mac-miller-avian-lyrics,https://images.genius.com/a3c35951e6e5812aca6c91bc1bd7dfa4.1000x1000x1.png,2013-06-18
426858,Funeral,246232.0,https://genius.com/Mac-miller-funeral-lyrics,https://images.genius.com/13ce35ef8b892b61cbe71e14f5a9e8f2.1000x1000x1.jpg,2014-05-11
3996460,Workin Out,244933.0,https://genius.com/Jid-workin-out-lyrics,https://images.genius.com/8baeb0b413541fa61f932788763bb707.1000x1000x1.png,2018-10-03
5163910,Right,243188.0,https://genius.com/Mac-miller-right-lyrics,https://images.genius.com/e90bc8e7a4c87a6adcf1152f8944b523.1000x1000x1.png,2020-03-19
2305106,Brand Name,239301.0,https://genius.com/Mac-miller-brand-name-lyrics,https://images.genius.com/f2c75e5f34f94ec77aa311b7e5f73226.1000x1000x1.jpg,2015-09-18
426762,Polo Jeans (Ft. Earl Sweatshirt),229506.0,https://genius.com/Mac-miller-polo-jeans-lyrics,https://images.genius.com/13ce35ef8b892b61cbe71e14f5a9e8f2.1000x1000x1.jpg,2014-05-11
2305122,Ascension,229130.0,https://genius.com/Mac-miller-ascension-lyrics,https://images.genius.com/f2c75e5f34f94ec77aa311b7e5f73226.1000x1000x1.jpg,2015-09-18
426844,Wedding,228982.0,https://genius.com/Mac-miller-wedding-lyrics,https://images.genius.com/13ce35ef8b892b61cbe71e14f5a9e8f2.1000x1000x1.jpg,2014-05-11
2847443,Soulmate,221868.0,https://genius.com/Mac-miller-soulmate-lyrics,https://images.genius.com/90ac108ffd303212d5c183737c4cc1c0.1000x1000x1.jpg,2016-09-16
5162485,Complicated,217402.0,https://genius.com/Mac-miller-complicated-lyrics,https://images.genius.com/f5528ff2f79b8c9aaf79f41beaea2379.1000x1000x1.jpg,2020-01-17
3835468,Perfecto,211597.0,https://genius.com/Mac-miller-perfecto-lyrics,https://images.genius.com/0327e4a856f14b2430e6e1a9333b1f1f.1000x1000x1.jpg,2018-08-03
144812,The End Is Near (Ft. Mac Miller),202546.0,https://genius.com/Ab-soul-the-end-is-near-lyrics,https://images.rapgenius.com/ecc7b9510ae6bd472110c6a4004684f4.500x500x1.jpg,2013-04-24
155231,Aquarium,198487.0,https://genius.com/Mac-miller-aquarium-lyrics,https://images.genius.com/a3c35951e6e5812aca6c91bc1bd7dfa4.1000x1000x1.png,2013-06-18
69147,The Question (Ft. Lil Wayne),197914.0,https://genius.com/Mac-miller-the-question-lyrics,https://images.genius.com/18b93aa441589ba982c97a6f8d7e0ccf.1000x1000x1.jpg,2012-03-23
69631,America (Ft. Casey Veggies & Joey Bada$$),197044.0,https://genius.com/Mac-miller-america-lyrics,https://images.genius.com/18b93aa441589ba982c97a6f8d7e0ccf.1000x1000x1.jpg,2012-03-23
402505,Insomniak (Ft. Rick Ross),196063.0,https://genius.com/Mac-miller-insomniak-lyrics,https://images.genius.com/13ce35ef8b892b61cbe71e14f5a9e8f2.1000x1000x1.jpg,2014-05-11
2847440,Skin,195170.0,https://genius.com/Mac-miller-skin-lyrics,https://images.genius.com/90ac108ffd303212d5c183737c4cc1c0.1000x1000x1.jpg,2016-09-16
157727,Suplexes Inside of Complexes & Duplexes (Ft. Jay Electronica),194434.0,https://genius.com/Mac-miller-suplexes-inside-of-complexes-and-duplexes-lyrics,https://images.genius.com/a3c35951e6e5812aca6c91bc1bd7dfa4.1000x1000x1.png,2013-06-18
5162487,I Can See,194213.0,https://genius.com/Mac-miller-i-can-see-lyrics,https://images.genius.com/f5528ff2f79b8c9aaf79f41beaea2379.1000x1000x1.jpg,2020-01-17
402541,Here We Go,193193.0,https://genius.com/Mac-miller-here-we-go-lyrics,https://images.genius.com/13ce35ef8b892b61cbe71e14f5a9e8f2.1000x1000x1.jpg,2014-05-11
151019,"O.K. (Ft. Tyler, The Creator)",190200.0,https://genius.com/Mac-miller-ok-lyrics,https://images.genius.com/a3c35951e6e5812aca6c91bc1bd7dfa4.1000x1000x1.png,2013-06-18
4851964,Everybody,190013.0,https://genius.com/Mac-miller-everybody-lyrics,https://images.genius.com/f5528ff2f79b8c9aaf79f41beaea2379.1000x1000x1.jpg,2020-01-17
2926013,D.R.U.G.S.,189027.0,https://genius.com/Ab-soul-drugs-lyrics,https://images.genius.com/c2b989273a64cf1720624b72503a60bd.1000x1000x1.jpg,2016-12-07
56407,Missed Calls,188275.0,https://genius.com/Mac-miller-missed-calls-lyrics,https://images.genius.com/ba27ef89ffbd7d19b230de5cd3832d50.1000x1000x1.jpg,2011-11-08
3752062,Programs,185839.0,https://genius.com/Mac-miller-programs-lyrics,https://images.genius.com/c620e11b0d3b3f545067c34019425800.1000x1000x1.png,2018-05-30
144144,Goosebumpz,183781.0,https://genius.com/Mac-miller-goosebumpz-lyrics,https://images.genius.com/a3c35951e6e5812aca6c91bc1bd7dfa4.1000x1000x1.png,2013-05-27
426828,Rain (Ft. Vince Staples),180318.0,https://genius.com/Mac-miller-rain-lyrics,https://images.genius.com/13ce35ef8b892b61cbe71e14f5a9e8f2.1000x1000x1.jpg,2014-05-11
251350,Bill (Ft. BILL WAVES & Earl Sweatshirt),178205.0,https://genius.com/Delusional-thomas-bill-lyrics,https://images.genius.com/a95f95f6dd277de1c135aa0ea68890ca.1000x1000x1.jpg,2013-10-31
69212,Clarity,176045.0,https://genius.com/Mac-miller-clarity-lyrics,https://images.genius.com/18b93aa441589ba982c97a6f8d7e0ccf.1000x1000x1.jpg,2012-03-23
2305091,Rush Hour,173305.0,https://genius.com/Mac-miller-rush-hour-lyrics,https://images.genius.com/f2c75e5f34f94ec77aa311b7e5f73226.1000x1000x1.jpg,2015-09-18
152921,Youforia,170926.0,https://genius.com/Mac-miller-youforia-lyrics,https://images.genius.com/a3c35951e6e5812aca6c91bc1bd7dfa4.1000x1000x1.png,2013-06-18
426768,Grand Finale,166368.0,https://genius.com/Mac-miller-grand-finale-lyrics,https://images.genius.com/13ce35ef8b892b61cbe71e14f5a9e8f2.1000x1000x1.jpg,2014-05-11
2840534,We (Ft. CeeLo Green),164781.0,https://genius.com/Mac-miller-we-lyrics,https://images.genius.com/e5ec1367e392d1d521dea721974c7b33.1000x1000x1.jpg,2016-08-18
426794,Angel Dust (Ft. King Ralph of Malibu),163718.0,https://genius.com/Mac-miller-angel-dust-lyrics,https://images.genius.com/13ce35ef8b892b61cbe71e14f5a9e8f2.1000x1000x1.jpg,2014-05-11
2384,Kool Aid & Frozen Pizza,159568.0,https://genius.com/Mac-miller-kool-aid-and-frozen-pizza-lyrics,https://images.genius.com/77947b06ecbfe25564f55a72ac6ecdff.500x500x1.jpg,2010-07-26
56401,Of The Soul,159162.0,https://genius.com/Mac-miller-of-the-soul-lyrics,https://images.genius.com/ba27ef89ffbd7d19b230de5cd3832d50.1000x1000x1.jpg,2011-11-08
2719,Knock Knock,157697.0,https://genius.com/Mac-miller-knock-knock-lyrics,https://images.genius.com/d9f6418390e5f7771c5067df9cd2e464.1000x1000x1.jpg,2010-08-13
155228,Matches (Ft. Ab-Soul),157272.0,https://genius.com/Mac-miller-matches-lyrics,https://images.genius.com/a3c35951e6e5812aca6c91bc1bd7dfa4.1000x1000x1.png,2013-06-18
2283787,Break the Law,156381.0,https://genius.com/Mac-miller-break-the-law-lyrics,https://images.genius.com/f2c75e5f34f94ec77aa311b7e5f73226.1000x1000x1.jpg,2015-08-16
426867,Colors and Shapes,154747.0,https://genius.com/Mac-miller-colors-and-shapes-lyrics,https://images.genius.com/13ce35ef8b892b61cbe71e14f5a9e8f2.1000x1000x1.jpg,2014-05-11
75353,"Boyfriend (Remix) (Ft. 2 Chainz, Asher Roth & Mac Miller)",150126.0,https://genius.com/Justin-bieber-boyfriend-remix-lyrics,https://images.genius.com/19c186de97b46f6372475811630c39bf.1000x1000x1.jpg,2012-05-24
2764,Senior Skip Day,147261.0,https://genius.com/Mac-miller-senior-skip-day-lyrics,https://images.genius.com/76f475349520880c0101677acc3380ee.1000x1000x1.jpg,2010-08-13
4986297,That’s on Me,146137.0,https://genius.com/Mac-miller-thats-on-me-lyrics,https://images.genius.com/f5528ff2f79b8c9aaf79f41beaea2379.1000x1000x1.jpg,2020-01-17
3835472,"Conversation, Pt. 1",142790.0,https://genius.com/Mac-miller-conversation-pt-1-lyrics,https://images.genius.com/0327e4a856f14b2430e6e1a9333b1f1f.1000x1000x1.jpg,2018-08-03
56222,Smile Back,135629.0,https://genius.com/Mac-miller-smile-back-lyrics,https://images.genius.com/ba27ef89ffbd7d19b230de5cd3832d50.1000x1000x1.jpg,2011-09-23
4061598,Once a Day,135007.0,https://genius.com/Mac-miller-once-a-day-lyrics,https://images.genius.com/f5528ff2f79b8c9aaf79f41beaea2379.1000x1000x1.jpg,2020-01-17
379635,"Piñata (Ft. Casey Veggies, Domo Genesis, G-Wiz, Mac Miller, Meechy Darko & Sulaiman)",134781.0,https://genius.com/Freddie-gibbs-and-madlib-pinata-lyrics,https://images.genius.com/89fa1a9d822f89c9c80e4236bddaf36d.1000x1000x1.jpg,2014-03-18
69127,Desperado,131835.0,https://genius.com/Mac-miller-desperado-lyrics,https://images.genius.com/18b93aa441589ba982c97a6f8d7e0ccf.1000x1000x1.jpg,2012-03-23
73541,"House Party (Remix) (Ft. Fabolous, Mac Miller & Wale)",129453.0,https://genius.com/Meek-mill-house-party-remix-lyrics,https://images.genius.com/a7bc28c05034136e861be4c94601d20a.500x500x1.jpg,2012-05-07
5162491,Hands,127064.0,https://genius.com/Mac-miller-hands-lyrics,https://images.genius.com/f5528ff2f79b8c9aaf79f41beaea2379.1000x1000x1.jpg,2020-01-17
447973,Hunnid Stax (Ft. ScHoolboy Q),126967.0,https://genius.com/Ab-soul-hunnid-stax-lyrics,https://images.genius.com/077bbd628ad3b7383f095afde8670b76.560x560x1.jpg,2014-06-24
426868,It Just Doesn't Matter,121772.0,https://genius.com/Mac-miller-it-just-doesnt-matter-lyrics,https://images.genius.com/13ce35ef8b892b61cbe71e14f5a9e8f2.1000x1000x1.jpg,2014-05-11
426742,Inside Outside,120120.0,https://genius.com/Mac-miller-inside-outside-lyrics,https://images.genius.com/13ce35ef8b892b61cbe71e14f5a9e8f2.1000x1000x1.jpg,2014-05-11
4061616,Skrawberries (Ft. BJ the Chicago Kid),119197.0,https://genius.com/Jid-skrawberries-lyrics,https://images.genius.com/8baeb0b413541fa61f932788763bb707.1000x1000x1.png,2018-11-26
426823,What Do You Do (Ft. Sir Michael Rocks),116732.0,https://genius.com/Mac-miller-what-do-you-do-lyrics,https://images.genius.com/13ce35ef8b892b61cbe71e14f5a9e8f2.1000x1000x1.jpg,2014-05-11
2305131,In the Bag,116137.0,https://genius.com/Mac-miller-in-the-bag-lyrics,https://images.genius.com/f2c75e5f34f94ec77aa311b7e5f73226.1000x1000x1.jpg,2015-09-18
426809,Malibu,114022.0,https://genius.com/Mac-miller-malibu-lyrics,https://images.genius.com/13ce35ef8b892b61cbe71e14f5a9e8f2.1000x1000x1.jpg,2014-05-11
2926018,The Law (Ft. Mac Miller & Rapsody),112479.0,https://genius.com/Ab-soul-the-law-lyrics,https://images.genius.com/c2b989273a64cf1720624b72503a60bd.1000x1000x1.jpg,2016-12-09
2414523,"Cameras (Ft. FKi 1st, Lil Uzi Vert, Mac Miller & Post Malone)",112329.0,https://genius.com/Dj-drama-cameras-lyrics,https://images.genius.com/46614aee90161d10949c70c67ee9a36d.1000x1000x1.jpg,2016-07-22
4567485,That's Life (Ft. Mac Miller & Sia),111950.0,https://genius.com/88-keys-thats-life-lyrics,https://images.genius.com/1b2ca3520ed031069b5450a86c1bab67.1000x1000x1.jpg,2019-06-20
2847442,Planet God Damn (Ft. Njomza),110686.0,https://genius.com/Mac-miller-planet-god-damn-lyrics,https://images.genius.com/90ac108ffd303212d5c183737c4cc1c0.1000x1000x1.jpg,2016-09-16
426831,Happy Birthday,109927.0,https://genius.com/Mac-miller-happy-birthday-lyrics,https://images.genius.com/13ce35ef8b892b61cbe71e14f5a9e8f2.1000x1000x1.jpg,2014-05-11
426866,Ave Maria,109731.0,https://genius.com/Mac-miller-ave-maria-lyrics,https://images.genius.com/13ce35ef8b892b61cbe71e14f5a9e8f2.1000x1000x1.jpg,2014-05-11
5423,Another Night,109308.0,https://genius.com/Mac-miller-another-night-lyrics,https://images.genius.com/ac5f75ace13dadcb2a7cb68c50d83efc.275x275x1.jpg,2009-12-16
69622,Angels (When She Shuts Her Eyes),108941.0,https://genius.com/Mac-miller-angels-when-she-shuts-her-eyes-lyrics,https://images.genius.com/5c20c657a063eac69a842fc529269744.375x375x1.jpg,2012-03-23
2305112,When in Rome,108048.0,https://genius.com/Mac-miller-when-in-rome-lyrics,https://images.genius.com/f2c75e5f34f94ec77aa311b7e5f73226.1000x1000x1.jpg,2015-09-18
69172,The Mourning After,107711.0,https://genius.com/Mac-miller-the-mourning-after-lyrics,https://images.genius.com/18b93aa441589ba982c97a6f8d7e0ccf.1000x1000x1.jpg,2012-03-23
2305087,Cut the Check (Ft. Chief Keef),106509.0,https://genius.com/Mac-miller-cut-the-check-lyrics,https://images.genius.com/f2c75e5f34f94ec77aa311b7e5f73226.1000x1000x1.jpg,2015-09-18
2296501,Clubhouse,106148.0,https://genius.com/Mac-miller-clubhouse-lyrics,https://images.genius.com/f2c75e5f34f94ec77aa311b7e5f73226.1000x1000x1.jpg,2015-09-10
155227,Bird Call,103560.0,https://genius.com/Mac-miller-bird-call-lyrics,https://images.genius.com/a3c35951e6e5812aca6c91bc1bd7dfa4.1000x1000x1.png,2013-06-18
2305102,Jump,101395.0,https://genius.com/Mac-miller-jump-lyrics,https://images.genius.com/f2c75e5f34f94ec77aa311b7e5f73226.1000x1000x1.jpg,2015-09-18
4616365,Time,100918.0,https://genius.com/Free-nationals-mac-miller-and-kali-uchis-time-lyrics,https://images.genius.com/9b058577583e04ac611a088042c5322a.1000x1000x1.png,2019-06-12
69522,1 Threw 8,99289.0,https://genius.com/Mac-miller-1-threw-8-lyrics,https://images.genius.com/18b93aa441589ba982c97a6f8d7e0ccf.1000x1000x1.jpg,2012-03-23
251210,Grandpa Used to Carry a Flask (Ft. Mac Miller),93954.0,https://genius.com/Delusional-thomas-grandpa-used-to-carry-a-flask-lyrics,https://images.genius.com/a95f95f6dd277de1c135aa0ea68890ca.1000x1000x1.jpg,2013-10-31
426870,San Francisco,93943.0,https://genius.com/Mac-miller-san-francisco-lyrics,https://images.genius.com/13ce35ef8b892b61cbe71e14f5a9e8f2.1000x1000x1.jpg,2014-05-11
3417233,Learn How to Watch (Ft. Mac Miller & MadeinTYO),89397.0,https://genius.com/Carnage-learn-how-to-watch-lyrics,https://images.genius.com/d799830aa6e768e05a654935286f1e38.1000x1000x1.jpg,2018-01-11
2270183,I Just Wanna (Ft. Mac Miller),88292.0,https://genius.com/Chief-keef-i-just-wanna-lyrics,https://images.genius.com/4e308b1e74f592b09ab66db2568de60a.1000x1000x1.png,2015-08-03
2305086,Doors,86482.0,https://genius.com/Mac-miller-doors-lyrics,https://images.genius.com/f2c75e5f34f94ec77aa311b7e5f73226.1000x1000x1.jpg,2015-09-18
3752057,Buttons,86402.0,https://genius.com/Mac-miller-buttons-lyrics,https://images.genius.com/097fa5d55e0682df32b95f1ed554d773.1000x1000x1.png,2018-05-30
403766,Therapy,85979.0,https://genius.com/Mac-miller-therapy-lyrics,https://images.genius.com/13ce35ef8b892b61cbe71e14f5a9e8f2.1000x1000x1.jpg,2014-05-11
56400,Under the Weather,84178.0,https://genius.com/Mac-miller-under-the-weather-lyrics,https://images.genius.com/ba27ef89ffbd7d19b230de5cd3832d50.1000x1000x1.jpg,2011-11-08
56398,Party on Fifth Ave.,82953.0,https://genius.com/Mac-miller-party-on-fifth-ave-lyrics,https://images.genius.com/1856a9910471339f2dd133b251712e7e.1000x1000x1.jpg,2011-10-27
69505,Vitamins,82418.0,https://genius.com/Mac-miller-vitamins-lyrics,https://images.genius.com/18b93aa441589ba982c97a6f8d7e0ccf.1000x1000x1.jpg,2012-03-23
2305090,Two Matches (Ft. Ab-Soul),82413.0,https://genius.com/Mac-miller-two-matches-lyrics,https://images.genius.com/f2c75e5f34f94ec77aa311b7e5f73226.1000x1000x1.jpg,2015-09-18
2305089,Time Flies (Ft. Lil B),81345.0,https://genius.com/Mac-miller-time-flies-lyrics,https://images.genius.com/f2c75e5f34f94ec77aa311b7e5f73226.1000x1000x1.jpg,2015-09-18
3874640,Inertia,79575.0,https://genius.com/Mac-miller-inertia-lyrics,https://images.genius.com/904f5ed20e5f3bbf5391f178c55c3d01.700x700x1.jpg,2018-08-01
2305107,The Festival (Ft. Little Dragon),79202.0,https://genius.com/Mac-miller-the-festival-lyrics,https://images.genius.com/f2c75e5f34f94ec77aa311b7e5f73226.1000x1000x1.jpg,2015-09-18
56397,Blue Slide Park,77631.0,https://genius.com/Mac-miller-blue-slide-park-lyrics,https://images.genius.com/ba27ef89ffbd7d19b230de5cd3832d50.1000x1000x1.jpg,2011-10-13
69142,Aliens Fighting Robots (Ft. Sir Michael Rocks),77414.0,https://genius.com/Mac-miller-aliens-fighting-robots-lyrics,https://images.genius.com/18b93aa441589ba982c97a6f8d7e0ccf.1000x1000x1.jpg,2012-03-23
426850,Uber (Ft. Mike Jones),76889.0,https://genius.com/Mac-miller-uber-lyrics,https://images.genius.com/13ce35ef8b892b61cbe71e14f5a9e8f2.1000x1000x1.jpg,2014-05-11
426822,Thumbalina,76006.0,https://genius.com/Mac-miller-thumbalina-lyrics,https://images.genius.com/13ce35ef8b892b61cbe71e14f5a9e8f2.1000x1000x1.jpg,2014-05-11
251140,Larry,75485.0,https://genius.com/Delusional-thomas-larry-lyrics,https://images.genius.com/a95f95f6dd277de1c135aa0ea68890ca.1000x1000x1.jpg,2013-10-31
441128,Aquaberry Dolphin (Ft. Mac Miller),74550.0,https://genius.com/Riff-raff-aquaberry-dolphin-lyrics,https://images.genius.com/40a6f7937070bc6a4d7d3eb3b4430332.480x360x1.jpg,2014-06-24
2800,Good Evening,71598.0,https://genius.com/Mac-miller-good-evening-lyrics,https://images.genius.com/a8de6b36ccc06b0e9096884115bfea8c.1000x1000x1.jpg,2010-08-06
426825,Apparition,70674.0,https://genius.com/Mac-miller-apparition-lyrics,https://images.genius.com/13ce35ef8b892b61cbe71e14f5a9e8f2.1000x1000x1.jpg,2014-05-11
77674,Day One; A Song About Nothing,68720.0,https://genius.com/Mac-miller-day-one-a-song-about-nothing-lyrics,https://images.genius.com/904f5ed20e5f3bbf5391f178c55c3d01.700x700x1.jpg,2012-06-09
5551,I'll Be There (Ft. Phonte),67634.0,https://genius.com/Mac-miller-ill-be-there-lyrics,https://images.genius.com/174c64ae633f0587924cac50c7eb6baf.375x375x1.jpg,2011-03-11
56399,PA Nights,67189.0,https://genius.com/Mac-miller-pa-nights-lyrics,https://images.genius.com/ba27ef89ffbd7d19b230de5cd3832d50.1000x1000x1.jpg,2011-11-08
128725,You,66730.0,https://genius.com/Larry-lovestein-and-the-velvet-revival-you-lyrics,https://images.genius.com/76385e81d56064ae03b2a7e7bfd9987c.500x500x1.jpg,2012-11-21
155232,Claymation (Ft. Vinny Radio),66639.0,https://genius.com/Mac-miller-claymation-lyrics,https://images.genius.com/a3c35951e6e5812aca6c91bc1bd7dfa4.1000x1000x1.png,2013-06-18
4084877,Just da Other Day,66601.0,https://genius.com/Jid-just-da-other-day-lyrics,https://images.genius.com/8baeb0b413541fa61f932788763bb707.1000x1000x1.png,2018-11-26
547732,Her (Ft. Mac Miller),65972.0,https://genius.com/Thelonious-martin-her-lyrics,https://images.genius.com/2e0eb7162521f51245522e74f9c328a1.500x500x1.jpg,2014-10-16
302113,Earth (Ft. Future),65810.0,https://genius.com/Mac-miller-earth-lyrics,https://images.genius.com/c65ca8421e6ce5b3eae32f187b3e72bc.1000x1000x1.jpg,2013-12-17
251443,Halo,64786.0,https://genius.com/Delusional-thomas-halo-lyrics,https://images.genius.com/a95f95f6dd277de1c135aa0ea68890ca.1000x1000x1.jpg,2013-11-01
56409,One Last Thing,61967.0,https://genius.com/Mac-miller-one-last-thing-lyrics,https://images.genius.com/ba27ef89ffbd7d19b230de5cd3832d50.1000x1000x1.jpg,2011-11-08
56402,My Team,58132.0,https://genius.com/Mac-miller-my-team-lyrics,https://images.genius.com/ba27ef89ffbd7d19b230de5cd3832d50.1000x1000x1.jpg,2011-11-08
304732,Eggs Aisle,57143.0,https://genius.com/Mac-miller-eggs-aisle-lyrics,https://images.genius.com/c65ca8421e6ce5b3eae32f187b3e72bc.1000x1000x1.jpg,2013-12-16
56406,Diamonds & Gold,54903.0,https://genius.com/Mac-miller-diamonds-and-gold-lyrics,https://images.genius.com/ba27ef89ffbd7d19b230de5cd3832d50.1000x1000x1.jpg,2011-11-08
77451,BDE Bonus,54247.0,https://genius.com/Mac-miller-bde-bonus-lyrics,https://images.genius.com/608ff36f2148e5173905f0495ed3ed51.1000x1000x1.jpg,2011-03-11
147502,Funk Flex Freestyle,54210.0,https://genius.com/Mac-miller-funk-flex-freestyle-lyrics,https://images.genius.com/904f5ed20e5f3bbf5391f178c55c3d01.700x700x1.jpg,2013-04-30
49112,Poppy,54113.0,https://genius.com/Mac-miller-poppy-lyrics,https://images.genius.com/a8de6b36ccc06b0e9096884115bfea8c.1000x1000x1.jpg,2010-08-13
50027,All I Want Is You,53909.0,https://genius.com/Mac-miller-all-i-want-is-you-lyrics,https://images.genius.com/a8de6b36ccc06b0e9096884115bfea8c.1000x1000x1.jpg,2010-08-13
64990,Kickin' Incredibly Dope Shit (Intro),53256.0,https://genius.com/Mac-miller-kickin-incredibly-dope-shit-intro-lyrics,https://images.genius.com/a8de6b36ccc06b0e9096884115bfea8c.1000x1000x1.jpg,2010-08-13
573453,Dat Sound Good (Ft. Ab-Soul & Mac Miller),52098.0,https://genius.com/Prhyme-dat-sound-good-lyrics,https://images.genius.com/33421224e552f44631c04c0d06b424f1.1000x1000x1.jpg,2014-12-09
5163913,Floating,51556.0,https://genius.com/Mac-miller-floating-lyrics,https://images.genius.com/e90bc8e7a4c87a6adcf1152f8944b523.1000x1000x1.png,2020-03-19
548771,"Just Some Raps, Nothing To See Here, Move Along",50808.0,https://genius.com/Mac-miller-just-some-raps-nothing-to-see-here-move-along-lyrics,https://images.genius.com/370c333ede5ed4c857f998b102f4e48f.500x500x1.jpg,2014-10-21
176513,Thought About You,50668.0,https://genius.com/Vince-staples-and-larry-fisherman-thought-about-you-lyrics,https://images.genius.com/fc68c3a62ee50180ec55ee10a8e77b7a.620x620x1.jpg,2013-06-20
69209,Sunlight (Ft. Iman Omari),50596.0,https://genius.com/Mac-miller-sunlight-lyrics,https://images.genius.com/18b93aa441589ba982c97a6f8d7e0ccf.1000x1000x1.jpg,2012-03-23
175686,"Sleep (Ft. Ab-Soul, Da$H & Mac Miller)",50427.0,https://genius.com/Vince-staples-and-larry-fisherman-sleep-lyrics,https://images.genius.com/fc68c3a62ee50180ec55ee10a8e77b7a.620x620x1.jpg,2013-06-20
6196,Get Up,50053.0,https://genius.com/Mac-miller-get-up-lyrics,https://images.genius.com/174c64ae633f0587924cac50c7eb6baf.375x375x1.jpg,2011-03-11
1701,La La La La,49985.0,https://genius.com/Mac-miller-la-la-la-la-lyrics,https://images.genius.com/a8de6b36ccc06b0e9096884115bfea8c.1000x1000x1.jpg,2010-07-11
71312,Drank & Smoke (Ft. Mac Miller),49278.0,https://genius.com/French-montana-drank-and-smoke-lyrics,https://images.genius.com/63dfa2dbace6e41a07bdbb6ab4d94bf4.500x500x1.jpg,2012-05-17
304761,Life,49221.0,https://genius.com/Mac-miller-life-lyrics,https://images.genius.com/c65ca8421e6ce5b3eae32f187b3e72bc.1000x1000x1.jpg,2013-12-17
104999,"Baby, It's Cold Outside",48153.0,https://genius.com/Larry-lovestein-and-ariana-grande-baby-its-cold-outside-lyrics,https://images.genius.com/e24dc01414e844cccaaec2b239a1dcd6.1000x1000x1.jpg,2012-12-25
69151,Ignorant (Ft. Cam'ron),47905.0,https://genius.com/Mac-miller-ignorant-lyrics,https://images.genius.com/18b93aa441589ba982c97a6f8d7e0ccf.1000x1000x1.jpg,2012-03-23
69432,Fuck 'Em All,47466.0,https://genius.com/Mac-miller-fuck-em-all-lyrics,https://images.genius.com/18b93aa441589ba982c97a6f8d7e0ccf.1000x1000x1.jpg,2012-03-23
49195,Don’t Mind If I Do,46659.0,https://genius.com/Mac-miller-dont-mind-if-i-do-lyrics,https://images.genius.com/a8de6b36ccc06b0e9096884115bfea8c.1000x1000x1.jpg,2010-08-11
97851,Best Friend (Ft. Iggy Azalea & Mac Miller),46141.0,https://genius.com/Bob-best-friend-lyrics,https://images.genius.com/a7271ec5938a20e5c88acfdc5fe685e3.1000x1000x1.jpg,2012-11-15
93261,He Who Ate All the Caviar,45984.0,https://genius.com/Mac-miller-he-who-ate-all-the-caviar-lyrics,https://images.genius.com/b63c3983ac34b93844f9244055f90e7f.500x500x1.jpg,2012-10-17
419260,NEBRASKA (Ft. Mac Miller & Vince Staples),45901.0,https://genius.com/Earl-sweatshirt-nebraska-lyrics,https://images.genius.com/618e6ef2ff0e7aee5af87b96d762657d.1000x1000x1.jpg,2012-09-06
2831393,Into You (Alex Ghenea Remix) (Ft. Mac Miller),45445.0,https://genius.com/Ariana-grande-into-you-alex-ghenea-remix-lyrics,https://images.genius.com/4882cd2902161bbbe05941bd6fccd703.1000x1000x1.jpg,2016-08-06
50026,Wear My Hat,44549.0,https://genius.com/Mac-miller-wear-my-hat-lyrics,https://images.genius.com/608ff36f2148e5173905f0495ed3ed51.1000x1000x1.jpg,2011-03-11
54901,Wake Up,43884.0,https://genius.com/Mac-miller-wake-up-lyrics,https://images.genius.com/05f898e9488becec66cf9eeae932e32a.275x275x1.jpg,2011-03-11
175788,Outro,43521.0,https://genius.com/Vince-staples-and-larry-fisherman-outro-lyrics,https://images.genius.com/fc68c3a62ee50180ec55ee10a8e77b7a.620x620x1.jpg,2013-06-20
251673,Dr. Thomas,42707.0,https://genius.com/Delusional-thomas-dr-thomas-lyrics,https://images.genius.com/a95f95f6dd277de1c135aa0ea68890ca.1000x1000x1.jpg,2013-11-01
50220,Love Lost,42639.0,https://genius.com/Mac-miller-love-lost-lyrics,https://images.genius.com/781a2ead216a063ed9bf5ff4df530fd8.275x275x1.jpg,2011-05-19
175740,Back Sellin' Crack (Ft. ScHoolboy Q),41806.0,https://genius.com/Vince-staples-and-larry-fisherman-back-sellin-crack-lyrics,https://images.genius.com/fc68c3a62ee50180ec55ee10a8e77b7a.620x620x1.jpg,2013-06-20
5914,Keep Floatin' (Ft. Wiz Khalifa),40211.0,https://genius.com/Mac-miller-keep-floatin-lyrics,https://images.genius.com/608ff36f2148e5173905f0495ed3ed51.1000x1000x1.jpg,2011-03-11
710656,Monday (Ft. Mac Miller),40160.0,https://genius.com/Earthgang-monday-lyrics,https://images.genius.com/3281cd6998592c91893a08d97bd4c836.500x500x1.jpg,2015-03-31
2459551,Headaches & Migraines (Ft. Dave East),39635.0,https://genius.com/Mac-miller-headaches-and-migraines-lyrics,https://images.genius.com/45896b9a80599ad78707c6113dbeb3eb.500x500x1.jpg,2016-04-20
3018603,Sad for You,39322.0,https://genius.com/Njomza-sad-for-you-lyrics,https://images.genius.com/2853693c8a12ab728193f57acbe2591f.1000x1000x1.jpg,2017-03-10
50310,Outside,39123.0,https://genius.com/Mac-miller-outside-lyrics,https://images.genius.com/a8de6b36ccc06b0e9096884115bfea8c.1000x1000x1.jpg,2010-08-13
232945,Came Thru/Easily (Ft. Ab-Soul & Mac Miller),38261.0,https://genius.com/Chuck-inglish-came-thru-easily-lyrics,https://images.genius.com/a7d8df8ef02cc86dbd6c56eccd5159ea.608x608x1.jpg,2013-10-04
56403,Up All Night,38253.0,https://genius.com/Mac-miller-up-all-night-lyrics,https://images.genius.com/22118c3c9b7533305c69df33960e7f24.600x600x1.jpg,2011-11-08
6285,Live Free,36985.0,https://genius.com/Mac-miller-live-free-lyrics,https://images.genius.com/5c07d2111a430f116d56edb2e4e11135.275x275x1.jpg,2009-12-16
49481,Life Ain't Easy,36675.0,https://genius.com/Mac-miller-life-aint-easy-lyrics,https://images.genius.com/608ff36f2148e5173905f0495ed3ed51.1000x1000x1.jpg,2011-03-11
329125,Erica's House (Ft. TreeJay),36608.0,https://genius.com/Mac-miller-ericas-house-lyrics,https://images.genius.com/588bdc5a721ff6b2b58c31ccf8bffa9d.500x500x1.jpg,2014-01-04
2444801,Coming Back (Ft. Mac Miller),36347.0,https://genius.com/Domo-genesis-coming-back-lyrics,https://images.genius.com/896985c19d906079417b2c328512d56b.600x600x1.jpg,2016-03-25
251681,The Jesuits (Ft. Da$H),36343.0,https://genius.com/Delusional-thomas-the-jesuits-lyrics,https://images.genius.com/a95f95f6dd277de1c135aa0ea68890ca.1000x1000x1.jpg,2013-11-01
3910646,Guidelines,36080.0,https://genius.com/Mac-miller-guidelines-lyrics,https://images.genius.com/e072a509cfe1c7031e56c61b5e0c6fd9.1000x1000x1.jpg,2018-08-20
6936054,I Believed It (Ft. Mac Miller),34836.0,https://genius.com/Dvsn-and-ty-dolla-sign-i-believed-it-lyrics,https://images.genius.com/614cb0ce9dbf211935a29573c363f64f.1000x1000x1.png,2021-06-30
531802,Money Shot (Ft. Mac Miller),34630.0,https://genius.com/Curren-y-money-shot-lyrics,https://images.genius.com/7309e7a7cf6efcb2b310d0759b2f5539.498x498x1.jpg,2014-10-04
251613,72,33912.0,https://genius.com/Delusional-thomas-72-lyrics,https://images.genius.com/a95f95f6dd277de1c135aa0ea68890ca.1000x1000x1.jpg,2013-11-01
251563,Vertigo,33428.0,https://genius.com/Delusional-thomas-vertigo-lyrics,https://images.genius.com/a95f95f6dd277de1c135aa0ea68890ca.1000x1000x1.jpg,2013-11-01
4759,She Said,32949.0,https://genius.com/Mac-miller-she-said-lyrics,https://images.genius.com/608ff36f2148e5173905f0495ed3ed51.1000x1000x1.jpg,2011-03-11
86859,Planecarboat (Ft. ScHoolboy Q),32663.0,https://genius.com/Mac-miller-planecarboat-lyrics,https://images.genius.com/d3178d0b47cdf48e8994056ec2dc94ee.500x500x1.jpg,2012-09-01
98825,Love Affair,32070.0,https://genius.com/Larry-lovestein-and-the-velvet-revival-love-affair-lyrics,https://images.genius.com/76385e81d56064ae03b2a7e7bfd9987c.500x500x1.jpg,2012-11-21
128724,Suspicions,31911.0,https://genius.com/Larry-lovestein-and-the-velvet-revival-suspicions-lyrics,https://images.genius.com/c37ed9193238eff833b6b2d5a8f7f449.375x375x1.jpg,2012-11-21
251581,Twin Peugots (Ft. Big Body Bes & Mac Miller),31291.0,https://genius.com/Action-bronson-twin-peugots-lyrics,https://images.genius.com/3tkvpk6nyazea6ub0nsnj8s01.500x500x1.jpg,2013-11-01
56408,Man in the Hat,31222.0,https://genius.com/Mac-miller-man-in-the-hat-lyrics,https://images.genius.com/ba27ef89ffbd7d19b230de5cd3832d50.1000x1000x1.jpg,2011-11-08
304795,In the Morning (Ft. Syd & Thundercat),31119.0,https://genius.com/Mac-miller-in-the-morning-lyrics,https://images.genius.com/c65ca8421e6ce5b3eae32f187b3e72bc.1000x1000x1.jpg,2013-12-17
4122611,Nothing from Nothing,31056.0,https://genius.com/Mac-miller-nothing-from-nothing-lyrics,https://images.genius.com/fcd30c48e44faa0ae7851c61e17dfd49.639x639x1.jpg,2018-11-28
5970,Oy Vey,31022.0,https://genius.com/Mac-miller-oy-vey-lyrics,https://images.genius.com/174c64ae633f0587924cac50c7eb6baf.375x375x1.jpg,2011-03-11
83505,Great (Ft. Casey Veggies & Mac Miller),30709.0,https://genius.com/Sir-michael-rocks-great-lyrics,https://images.genius.com/36131258113b904e35e8d29e4a99e42e.500x500x1.jpg,2012-08-02
175648,Heaven (Ft. Hardo & Mac Miller),30434.0,https://genius.com/Vince-staples-and-larry-fisherman-heaven-lyrics,https://images.genius.com/fc68c3a62ee50180ec55ee10a8e77b7a.620x620x1.jpg,2013-06-20
141828,Salamander,29252.0,https://genius.com/Mac-miller-salamander-lyrics,https://images.genius.com/43cf4f7fb829f88b270853d2534b8f0f.1000x1000x1.jpg,2013-04-18
56396,English Lane,28502.0,https://genius.com/Mac-miller-english-lane-lyrics,https://images.genius.com/ba27ef89ffbd7d19b230de5cd3832d50.1000x1000x1.jpg,2011-11-08
426863,55,27875.0,https://genius.com/Mac-miller-55-lyrics,https://images.genius.com/13ce35ef8b892b61cbe71e14f5a9e8f2.1000x1000x1.jpg,2014-05-11
50952,'82 - '92 (Ft. Mac Miller),27629.0,https://genius.com/1982-82-92-lyrics,https://images.genius.com/25256ff4d8d142a6cf09d71d22011964.500x500x1.jpg,2010-12-26
5849,All Around The World,26910.0,https://genius.com/Mac-miller-all-around-the-world-lyrics,https://images.genius.com/05f898e9488becec66cf9eeae932e32a.275x275x1.jpg,2011-03-11
304776,Black Bush,26759.0,https://genius.com/Mac-miller-black-bush-lyrics,https://images.genius.com/c65ca8421e6ce5b3eae32f187b3e72bc.1000x1000x1.jpg,2013-12-17
92107,"2012 BET Hip Hop Awards - Cypher 2 (Ft. Hopsin, Jaybird the Purdy Boi, Mac Miller & ScHoolboy Q)",26677.0,https://genius.com/Bet-2012-bet-hip-hop-awards-cypher-2-lyrics,https://images.genius.com/c316a9129e7d68b7ee93c6deca20a3c7.400x400x1.jpg,2012-10-09
2398874,Smile (Ft. Mac Miller),26407.0,https://genius.com/Larry-fisherman-smile-lyrics,https://images.genius.com/a2abc159256b04f456c0a0e5a9bd03b7.483x483x1.jpg,2015-12-29
63305,Jerry's Record Store,26255.0,https://genius.com/Mac-miller-jerrys-record-store-lyrics,https://images.genius.com/13049a8f8bcdeb79473abbceee730e50.375x375x1.jpg,2011-12-22
51062,Cruisin',26015.0,https://genius.com/Mac-miller-cruisin-lyrics,https://images.genius.com/43a85b15873b56e2f5f30a3dbfcbbc8b.500x502x1.jpg,2007-01-01
87073,Can I Live (Ft. Mac Miller),25938.0,https://genius.com/Casey-veggies-can-i-live-lyrics,https://images.genius.com/aaf0da7a07e05d17ff3c822d7769bd09.500x500x1.jpg,2011-09-20
279547,I Come In Peace,25491.0,https://genius.com/Mac-miller-i-come-in-peace-lyrics,https://images.genius.com/01cc7a6784709b4e27cb69b4b3eb71f2.500x500x1.jpg,2013-11-27
58520,Loitering,25244.0,https://genius.com/Mac-miller-loitering-lyrics,https://images.genius.com/ba27ef89ffbd7d19b230de5cd3832d50.1000x1000x1.jpg,2011-11-08
2280087,The Way (Spanglish Version) (Ft. Mac Miller),24888.0,https://genius.com/Ariana-grande-the-way-spanglish-version-lyrics,https://images.genius.com/a6ce378f26a6fa913d9894c077a15b64.1000x1000x1.jpg,2013-03-25
76575,Onaroll,24886.0,https://genius.com/Mac-miller-onaroll-lyrics,https://images.genius.com/5d1d6d26857b77f28648cd6d9b8ec479.500x500x1.jpg,2012-06-05
120611,Turkey Love,24758.0,https://genius.com/Mac-miller-turkey-love-lyrics,https://images.genius.com/ffaeffca62f03b103ae3a4bde16c7091.255x197x1.jpg,2013-02-15
251705,Labido,24434.0,https://genius.com/Delusional-thomas-labido-lyrics,https://images.genius.com/a95f95f6dd277de1c135aa0ea68890ca.1000x1000x1.jpg,2013-11-01
240739,Love Me As I Have Loved You,23691.0,https://genius.com/Mac-miller-love-me-as-i-have-loved-you-lyrics,https://images.genius.com/18b93aa441589ba982c97a6f8d7e0ccf.1000x1000x1.jpg,2012-03-23
372897,"Amen (Ft. Ab-Soul, Da$H, RetcH & Vince Staples)",23646.0,https://genius.com/Mac-miller-amen-lyrics,https://images.genius.com/66502edeb6e8890e8ed67bbd4ed3d827.500x500x1.jpg,2014-03-01
360876,Lua,22378.0,https://genius.com/Mac-miller-lua-lyrics,https://images.genius.com/e0bfbf976e33f790c009df4ff7a7eacc.500x500x1.jpg,2014-02-07
56280,Traffic in the Sky,22298.0,https://genius.com/Mac-miller-traffic-in-the-sky-lyrics,https://images.genius.com/a8de6b36ccc06b0e9096884115bfea8c.1000x1000x1.jpg,2010-03-13
4366994,Heart to Heart (Ft. Mac Miller),21790.0,https://genius.com/Mac-demarco-heart-to-heart-lyrics,https://images.genius.com/a7ddbb793ff659db02588b99e7186ecb.1000x1000x1.jpg,2019-05-10
251689,Melvin,21725.0,https://genius.com/Delusional-thomas-melvin-lyrics,https://images.genius.com/a95f95f6dd277de1c135aa0ea68890ca.1000x1000x1.jpg,2013-11-01
69515,J's On My Feet,21668.0,https://genius.com/Mac-miller-js-on-my-feet-lyrics,https://images.genius.com/43a85b15873b56e2f5f30a3dbfcbbc8b.500x502x1.jpg,2007-01-01
1894,"On Some Real Shit (100,000 Bars)",21223.0,https://genius.com/Mac-miller-on-some-real-shit-100000-bars-lyrics,https://images.genius.com/54593479a74546c244a0815b8b99cd33.375x375x1.jpg,2009-03-18
3744576,Completely Transparent (Ft. Mac Miller),20542.0,https://genius.com/Tay-walker-completely-transparent-lyrics,https://images.genius.com/571e05a8fe6c0244e08851da42f84a5d.1000x1000x1.jpg,2018-05-25
103296,Doodling In The Key Of C Sharp,20411.0,https://genius.com/Mac-miller-doodling-in-the-key-of-c-sharp-lyrics,https://images.genius.com/97411d3fc45b9186a8e5643fe1e29183.500x500x1.jpg,2012-12-17
486224,Lost Boys (Ft. Mac Miller & Trinidad James),20180.0,https://genius.com/Sir-michael-rocks-lost-boys-lyrics,https://images.genius.com/19801cef09582bd17352b3b2a0bb9949.340x340x1.jpg,2014-07-29
544021,Don't Know (Ft. Mac Miller),19916.0,https://genius.com/Boaz-dont-know-lyrics,https://images.genius.com/53572d054ba96f7e0dacb77253785c5f.564x564x1.jpg,2014-10-16
49649,I Need A Dollar (Ft. Mac Miller),19624.0,https://genius.com/Chris-webby-i-need-a-dollar-lyrics,https://images.genius.com/2a0cd4f325dc4078464592020f7a5c9a.500x500x1.jpg,2010-06-29
54805,Cold Feet,19323.0,https://genius.com/Mac-miller-cold-feet-lyrics,https://images.genius.com/781a2ead216a063ed9bf5ff4df530fd8.275x275x1.jpg,2011-08-26
139548,Guns & Roses,19063.0,https://genius.com/Vince-staples-and-larry-fisherman-guns-and-roses-lyrics,https://images.genius.com/173597e45e5455a1a391b4f36d86149d.500x500x1.jpg,2013-06-20
408956,Happy,18986.0,https://genius.com/Mac-miller-happy-lyrics,https://images.genius.com/174547421f5bddfb0be3c47fd2fb3eab.375x375x1.jpg,2014-04-20
49252,Face in the Crowd,18653.0,https://genius.com/Mac-miller-face-in-the-crowd-lyrics,https://images.genius.com/a8de6b36ccc06b0e9096884115bfea8c.1000x1000x1.jpg,2010-08-13
175882,Intro,17767.0,https://genius.com/Vince-staples-and-larry-fisherman-intro-lyrics,https://images.genius.com/fc68c3a62ee50180ec55ee10a8e77b7a.620x620x1.jpg,2013-06-20
66057,Travelin’ Man ’09,17617.0,https://genius.com/Mac-miller-travelin-man-09-lyrics,https://images.genius.com/4186ee36b844bd7bbde71da3b370390b.500x500x1.jpg,2009-12-16
174988,Stuck in My Ways,16914.0,https://genius.com/Vince-staples-and-larry-fisherman-stuck-in-my-ways-lyrics,https://images.genius.com/dded06b7b6c07446ec94fa6901710394.500x500x1.jpg,2013-06-19
117377,Confessions of a Cash Register (Ft. Prodigy of Mobb Deep),16768.0,https://genius.com/Mac-miller-confessions-of-a-cash-register-lyrics,https://images.genius.com/53e4e87c6f847576cfd74cb587b2a434.500x500x1.jpg,2016-02-10
153481,Avocado,16401.0,https://genius.com/Larry-fisherman-avocado-lyrics,https://images.genius.com/f3f982dc4febcf02be352a650ca2b1ea.375x375x1.jpg,2013-03-04
77938,Pas grave,16115.0,https://genius.com/Vald-pas-grave-lyrics,https://images.genius.com/e1536777f5491d35415b9cbe6b2cc47f.980x735x1.jpg,2012-01-29
455577,The Star Room (Original Demo) (Ft. Earl Sweatshirt),15602.0,https://genius.com/Mac-miller-the-star-room-original-demo-lyrics,https://images.genius.com/c97dc009b7b1ff0982e14799c3dd3042.375x375x1.jpg,2013-06-18
168673,Killin' Y'all (Ft. Ab-Soul),15429.0,https://genius.com/Vince-staples-and-larry-fisherman-killin-yall-lyrics,https://images.genius.com/8fc08d46131f85e24cc71f422b2aa5bb.660x660x1.jpg,2013-06-11
5563,In the Air,15362.0,https://genius.com/Mac-miller-in-the-air-lyrics,https://images.genius.com/608ff36f2148e5173905f0495ed3ed51.1000x1000x1.jpg,2011-03-11
51345,Family First (Ft. Talib Kweli),15066.0,https://genius.com/Mac-miller-family-first-lyrics,https://images.genius.com/781a2ead216a063ed9bf5ff4df530fd8.275x275x1.jpg,2011-06-20
2280491,Pet Sounds (Ft. Sean Price),14828.0,https://genius.com/Mac-miller-pet-sounds-lyrics,https://images.rapgenius.com/a31e9f14a0afa24632354e839870c62e.587x583x1.jpg,2015-08-12
455054,Melt (Ft. ScHoolboy Q),14524.0,https://genius.com/Mac-miller-melt-lyrics,https://images.genius.com/495c5a4e1c789e7d735cb2ec38c16b7c.381x381x1.jpg,2014-06-19
81815,I Think I’m in Love,14468.0,https://genius.com/Mac-miller-i-think-im-in-love-lyrics,https://images.genius.com/913abea8c3ed87eae0718c357cb1589a.600x600x1.jpg,2009-08-31
65180,Get Em Up,14253.0,https://genius.com/Mac-miller-get-em-up-lyrics,https://images.genius.com/a8de6b36ccc06b0e9096884115bfea8c.1000x1000x1.jpg,2010-08-13
151612,21 & Over (Ft. Mac Miller & Sean Price),14084.0,https://genius.com/Statik-selektah-21-and-over-lyrics,https://images.genius.com/276f4502d91e3228cb8203a612295696.1000x1000x1.jpg,2013-05-13
56285,Ride Around,14074.0,https://genius.com/Mac-miller-ride-around-lyrics,https://images.genius.com/a8de6b36ccc06b0e9096884115bfea8c.1000x1000x1.jpg,2010-08-13
2343663,Creatures of the Night (Ft. Delusional Thomas & Mac Miller),13944.0,https://genius.com/Njomza-creatures-of-the-night-lyrics,https://images.genius.com/c45be13bc22d84f4ea0f6f5af6398b17.500x500x1.jpg,2015-10-30
4208,Cruise Control (Ft. Wiz Khalifa),13822.0,https://genius.com/Mac-miller-cruise-control-lyrics,https://images.genius.com/4186ee36b844bd7bbde71da3b370390b.500x500x1.jpg,2009-12-16
197259,CPR,13821.0,https://genius.com/Mac-miller-and-dj-jazzy-jeff-cpr-lyrics,https://images.genius.com/52d3a85cec6e9d56b793222f3de05a94.500x500x1.jpg,2013-04-20
128723,Life Can Wait,13788.0,https://genius.com/Larry-lovestein-and-the-velvet-revival-life-can-wait-lyrics,https://images.genius.com/032ec0067eeb5bcb3178ba4b108c0c52.375x375x1.jpg,2012-11-21
56509,Paper Route (Ft. Chevy Woods),13763.0,https://genius.com/Mac-miller-paper-route-lyrics,https://images.genius.com/a8de6b36ccc06b0e9096884115bfea8c.1000x1000x1.jpg,2010-08-13
5861683,Ayye,13756.0,https://genius.com/Mac-miller-ayye-lyrics,https://images.genius.com/1f25b35343a4df768486e88c2c47d866.999x999x1.png,2020-08-13
93041,These Dayz (Dope Awprah),13679.0,https://genius.com/Mac-miller-these-dayz-dope-awprah-lyrics,https://images.genius.com/f7a940a7d3c33a920a10b17022a55211.500x500x1.jpg,2012-10-15
86846,Black Acura (Ft. Mac Miller & Raven Sorvino),13479.0,https://genius.com/Pac-div-black-acura-lyrics,https://images.genius.com/b0ac15de5f1bb2b86cc88ed4b39d5c35.1000x1000x1.png,2012-08-29
5483,Down the Rabbit Hole,13421.0,https://genius.com/Mac-miller-down-the-rabbit-hole-lyrics,https://images.genius.com/05f898e9488becec66cf9eeae932e32a.275x275x1.jpg,2011-03-11
57169,Extra Extra (Ft. HALO & Mac Miller),13390.0,https://genius.com/Rapsody-extra-extra-lyrics,https://images.genius.com/5e6588a29f29907f15b95dde5d7bbb42.600x600x1.jpg,2011-04-06
92180,Triple Double (Ft. Curren$y & Mac Miller),13147.0,https://genius.com/French-montana-triple-double-lyrics,https://images.genius.com/93791d19fa197fab86d6278641d564df.500x500x1.jpg,2012-11-20
57312,"I Love Life, Thank You",13066.0,https://genius.com/Mac-miller-i-love-life-thank-you-lyrics,https://images.genius.com/986f803b4d2b7fff1f43a7344f02fb6e.375x375x1.jpg,2011-10-10
4122712,Dunno (Spotify Singles),13041.0,https://genius.com/Mac-miller-dunno-spotify-singles-lyrics,https://images.genius.com/fcd30c48e44faa0ae7851c61e17dfd49.639x639x1.jpg,2018-11-28
49045,Snooze,12811.0,https://genius.com/Mac-miller-snooze-lyrics,https://images.genius.com/608ff36f2148e5173905f0495ed3ed51.1000x1000x1.jpg,2011-03-11
55379,Smoke Signals (Ft. John Record),12415.0,https://genius.com/Mac-miller-smoke-signals-lyrics,https://images.genius.com/43a85b15873b56e2f5f30a3dbfcbbc8b.500x502x1.jpg,2007-01-01
84051,Glow (Ft. Pharrell Williams),12374.0,https://genius.com/Mac-miller-glow-lyrics,https://images.genius.com/13668277cbe016cb1684fbc4921bc17d.949x1000x1.jpg,2012-08-07
140757,Purple,12260.0,https://genius.com/Mac-miller-purple-lyrics,https://images.genius.com/930d6df2cd166ac2c5e0fb7f6f1d1be6.600x600x1.jpg,2010-02-01
4734766,Small Worlds,11918.0,https://genius.com/Rayland-baxter-small-worlds-lyrics,https://images.genius.com/04f8b8ea122c4d91935435dcb1dadec4.1000x1000x1.jpg,2019-06-26
175641,Fantoms (Ft. Joey Fatts),11911.0,https://genius.com/Vince-staples-and-larry-fisherman-fantoms-lyrics,https://images.genius.com/fc68c3a62ee50180ec55ee10a8e77b7a.620x620x1.jpg,2013-06-20
56067,Willie Dynamite,11879.0,https://genius.com/Mac-miller-willie-dynamite-lyrics,https://images.genius.com/986f803b4d2b7fff1f43a7344f02fb6e.375x375x1.jpg,2011-09-20
986745,Days,11769.0,https://genius.com/Mac-miller-days-lyrics,https://images.rapgenius.com/6cbdc38c0a1c77fbfef481fb8cc1bcf8.500x500x1.jpg,2015-04-20
5861690,Back In The Day,11510.0,https://genius.com/Mac-miller-back-in-the-day-lyrics,https://images.genius.com/1f25b35343a4df768486e88c2c47d866.999x999x1.png,2020-08-13
53111,Piffsburgh,11452.0,https://genius.com/Mac-miller-piffsburgh-lyrics,https://images.genius.com/9fd1805cf7829d047a5f0ea5ca4bc999.600x600x1.jpg,2011-04-20
49808,On And On,11360.0,https://genius.com/Mac-miller-on-and-on-lyrics,https://images.genius.com/3dbc59f7d6090f2f7e786fc2a26fb245.953x953x1.jpg,2011-03-29
2294132,HD (Ft. Mac Miller),11250.0,https://genius.com/Choo-jackson-hd-lyrics,https://images.rapgenius.com/009ce4c1ebccb0f7c27eceea5859d6ff.600x600x1.jpg,2015-08-31
2335685,Grab Her Hand (Ft. Mac Miller),11221.0,https://genius.com/Michael-christmas-grab-her-hand-lyrics,https://images.rapgenius.com/457c3246b2f1a3fe53040d2ed1509182.595x593x1.jpg,2015-10-23
1780193,Boo! (Interlude),10937.0,https://genius.com/Mac-miller-boo-interlude-lyrics,https://images.rapgenius.com/47fdea4dd780d547cafcb266fcf82346.300x300x1.png,2015-04-30
62811,Got A Clue,10929.0,https://genius.com/Mac-miller-got-a-clue-lyrics,https://images.genius.com/d258961791ab731cca5aed7ed00e8073.500x500x1.jpg,2009-06-01
143038,MellowHigh (Ft. Domo Genesis & Hodgy),10689.0,https://genius.com/Larry-fisherman-mellowhigh-lyrics,https://images.genius.com/52d3a85cec6e9d56b793222f3de05a94.500x500x1.jpg,2013-04-20
106781,All the Time (Ft. Ab-Soul),10636.0,https://genius.com/Mac-miller-all-the-time-lyrics,https://images.genius.com/07d33f3763e54fd1e8ec87780ccde929.1200x1200x1.jpg,2013-01-04
2373427,Jabroni (Ft. Mac Miller & Migos),10241.0,https://genius.com/The-alchemist-jabroni-lyrics,https://images.rapgenius.com/611e3b682fe61bd9e1727cf8fff08c61.492x487x1.jpg,2015-11-18
202868,Objects in the Mirror (Video Version) (Ft. The Internet),10219.0,https://genius.com/Mac-miller-objects-in-the-mirror-video-version-lyrics,https://images.genius.com/904f5ed20e5f3bbf5391f178c55c3d01.700x700x1.jpg,2013-05-28
52061,3rd Dimension,9876.0,https://genius.com/Mac-miller-3rd-dimension-lyrics,https://images.genius.com/9fd1805cf7829d047a5f0ea5ca4bc999.600x600x1.jpg,2011-04-20
54308,Play Ya Cards,9819.0,https://genius.com/Mac-miller-play-ya-cards-lyrics,https://images.genius.com/05f898e9488becec66cf9eeae932e32a.275x275x1.jpg,2011-03-11
55640,The Finer Things,9757.0,https://genius.com/Mac-miller-the-finer-things-lyrics,https://images.genius.com/4186ee36b844bd7bbde71da3b370390b.500x500x1.jpg,2009-12-16
5973,Snap Back,9751.0,https://genius.com/Mac-miller-snap-back-lyrics,https://images.genius.com/d258961791ab731cca5aed7ed00e8073.500x500x1.jpg,2009-06-01
155027,Juney Jones (Ft. Mac Miller & Speak),9728.0,https://genius.com/The-jet-age-of-tomorrow-juney-jones-lyrics,https://images.genius.com/5b678a39b7fd3c590c07358ac38cdf78.800x831x1.jpg,2013-05-24
52748,Class President,9715.0,https://genius.com/Mac-miller-class-president-lyrics,https://images.genius.com/4186ee36b844bd7bbde71da3b370390b.500x500x1.jpg,2009-12-16
57402,The Scoop on Heaven,9651.0,https://genius.com/Mac-miller-the-scoop-on-heaven-lyrics,https://images.genius.com/d940faa6c3d47e521d16a6a9d5088074.275x275x1.jpg,2011-10-14
3203305,"Cold Summer (Ft. Kendrick Lamar, Kevin Gates, Mac Miller & Rell)",9426.0,https://genius.com/Dj-kay-slay-cold-summer-lyrics,https://images.genius.com/beed6fdc46d622d60c115f5f9aa0efb1.630x630x1.jpg,2017-08-29
50625,People,9425.0,https://genius.com/Mac-miller-people-lyrics,https://images.genius.com/366878b883f76791456cd61fd70a9b6c.275x275x1.jpg,2011-03-11
57284,All That (Ft. Bun B),9388.0,https://genius.com/Mac-miller-all-that-lyrics,https://images.genius.com/781a2ead216a063ed9bf5ff4df530fd8.275x275x1.jpg,2011-10-14
156106,She A Trip (Ft. Mac Miller),9266.0,https://genius.com/Ludacris-she-a-trip-lyrics,https://images.genius.com/59084ad168e65b54e99e3d6e138cdf83.500x500x1.jpg,2013-05-24
54603,Let's Get High,9155.0,https://genius.com/Mac-miller-lets-get-high-lyrics,https://images.genius.com/9fd1805cf7829d047a5f0ea5ca4bc999.600x600x1.jpg,2011-04-20
75751,Live It Up (Opposite of Adults),9117.0,https://genius.com/Mac-miller-live-it-up-opposite-of-adults-lyrics,https://images.genius.com/904f5ed20e5f3bbf5391f178c55c3d01.700x700x1.jpg,2011-06-02
60432,Miley Cyrus (Party in the U.S.A. Remix),9036.0,https://genius.com/Mac-miller-miley-cyrus-party-in-the-usa-remix-lyrics,https://images.genius.com/5aeec793587eae178e1cddd930b81ca4.275x275x1.jpg,2009-11-06
90790,Toussa Toussa Remix (Ft. Mac Miller),8971.0,https://genius.com/Disiz-la-peste-toussa-toussa-remix-lyrics,https://images.genius.com/02d398461ab1e1d987a9f3924990cc8f.960x960x1.jpg,2012-10-29
2315151,Speed Racer,8891.0,https://genius.com/Mac-miller-speed-racer-lyrics,https://images.genius.com/3fafe062032c4ec3d42f4b11c25a02a1.375x375x1.jpg,2015-09-24
226780,Wanders of the Mind (Ft. Mac Miller),8842.0,https://genius.com/The-internet-wanders-of-the-mind-lyrics,https://images.genius.com/dbb70f264473d63460d94b356a0a6bc6.640x640x1.jpg,2013-09-20
409751,Walkin' Home,8422.0,https://genius.com/Mac-miller-walkin-home-lyrics,https://images.genius.com/174547421f5bddfb0be3c47fd2fb3eab.375x375x1.jpg,2014-04-20
1800031,I Got This Beat in My Head,8148.0,https://genius.com/Mac-miller-i-got-this-beat-in-my-head-lyrics,https://images.genius.com/904f5ed20e5f3bbf5391f178c55c3d01.700x700x1.jpg,2015-05-13
160580,S.D.S. (Live),7990.0,https://genius.com/Mac-miller-sds-live-lyrics,https://images.genius.com/08b7e74809e70d37a96860ef3aaaeafa.375x375x1.jpg,2013-12-17
56490,Moves Like Jagger (Remix) (Ft. Christina Aguilera & Mac Miller),7866.0,https://genius.com/Maroon-5-moves-like-jagger-remix-lyrics,https://images.genius.com/aaf6a2158ca3fe9f47cb8b88f7e657c8.1000x563x1.jpg,2011-06-21
142497,"Money Team (Ft. Ab-Soul, Da$H & Smoke DZA)",7857.0,https://genius.com/Larry-fisherman-money-team-lyrics,https://images.genius.com/52d3a85cec6e9d56b793222f3de05a94.500x500x1.jpg,2013-04-20
79671,Hundred Dollar Bill Skyscraper (Ft. Mac Miller),7817.0,https://genius.com/Big-sean-hundred-dollar-bill-skyscraper-lyrics,https://images.genius.com/0e3b9e8bdef7518056a36d732502d8d8.747x747x1.jpg,2012-06-28
144448,Rainclouds,7608.0,https://genius.com/Larry-lovestein-and-the-velvet-revival-rainclouds-lyrics,https://images.genius.com/52d3a85cec6e9d56b793222f3de05a94.500x500x1.jpg,2013-04-20
54746,People Under the Stairs,7421.0,https://genius.com/Mac-miller-people-under-the-stairs-lyrics,https://images.genius.com/603cd17c9de05601dccfaa2442f8e0ea.500x500x1.jpg,2011-04-17
2397138,Vienna,7374.0,https://genius.com/Mac-miller-vienna-lyrics,https://images.rapgenius.com/bf623ee15d3c7db12d52edb8ce747a86.499x499x1.png,2015-12-26
6122,Put It On,7218.0,https://genius.com/Mac-miller-put-it-on-lyrics,https://images.genius.com/24c6b28392f978074a2d984ac6ae0b0a.1000x1000x1.jpg,2011-03-29
71692,Cold (Ft. Curren$y),7136.0,https://genius.com/Mac-miller-cold-lyrics,https://images.genius.com/904f5ed20e5f3bbf5391f178c55c3d01.700x700x1.jpg,2012-04-18
52512,Just a Kid,7097.0,https://genius.com/Mac-miller-just-a-kid-lyrics,https://images.genius.com/781a2ead216a063ed9bf5ff4df530fd8.275x275x1.jpg,2011-07-15
209562,Generation (Ft. Jared Evan & Mac Miller),6969.0,https://genius.com/Rapsody-generation-lyrics,https://images.genius.com/df9033e82a6a700eec816d0ccfa48120.500x500x1.jpg,2013-07-24
69512,How To Make It In America (Ft. Mac Miller),6909.0,https://genius.com/Yg-how-to-make-it-in-america-lyrics,https://images.genius.com/cf21fd5ec84142bed9cc1bb4c5f3281d.500x500x1.jpg,2012-03-26
186539,Meagan Good (Ft. Mac Miller),6631.0,https://genius.com/Pete-rock-and-camp-lo-meagan-good-lyrics,https://images.genius.com/c0d42ee6764111b700c6e7678203a10e.500x500x1.jpg,2013-07-31
570431,This Is 15 Bars I May be Wrong I Gotta See (Ft. Mac Miller),6582.0,https://genius.com/Domo-genesis-this-is-15-bars-i-may-be-wrong-i-gotta-see-lyrics,https://images.genius.com/3616ea3c1ee7d690d8e4c44979de63ff.600x600x1.jpg,2014-11-05
63302,That's Love (Ft. Heather Victoria & Mac Miller),6444.0,https://genius.com/9th-wonder-thats-love-lyrics,https://images.genius.com/8d727a22a4d1d05ff7dc9a2ed5ca0c53.1000x1000x1.jpg,2011-09-27
50301,Just My Imagination,6304.0,https://genius.com/Mac-miller-just-my-imagination-lyrics,https://images.genius.com/4186ee36b844bd7bbde71da3b370390b.500x500x1.jpg,2009-12-16
53179,Whateva,6258.0,https://genius.com/Mac-miller-whateva-lyrics,https://images.genius.com/904f5ed20e5f3bbf5391f178c55c3d01.700x700x1.jpg,2011-07-28
144542,On My Shit,6218.0,https://genius.com/Mac-miller-on-my-shit-lyrics,https://images.genius.com/f37153ac1c28e3b94d8b3fb2839558b7.300x300x1.jpg,2013-03-08
5301,Trippin' Out,6205.0,https://genius.com/Mac-miller-trippin-out-lyrics,https://images.genius.com/366878b883f76791456cd61fd70a9b6c.275x275x1.jpg,2010-10-31
55828,Face The Facts,6063.0,https://genius.com/Mac-miller-face-the-facts-lyrics,https://images.genius.com/13049a8f8bcdeb79473abbceee730e50.375x375x1.jpg,2011-09-15
3006058,Hi (Ft. Mac Miller),6032.0,https://genius.com/Thundercat-hi-lyrics,https://images.genius.com/466b18a3762737c2a3454406b02f22d4.1000x1000x1.jpg,2017-02-24
603216,Malcom Interlude (Ft. Mac Miller),5991.0,https://genius.com/Thelonious-martin-malcom-interlude-lyrics,https://images.genius.com/968bbd38612cb4b2ad25b1f0752e4a50.400x400x1.jpg,2014-12-01
405220,Camp Fire (Ft. Ab-Soul & Mac Miller),5900.0,https://genius.com/Bill-waves-camp-fire-lyrics,https://images.genius.com/1646ed9862af1f14c7450809d5cb0fd6.500x500x1.jpg,2014-04-15
50376,Pittsburgh Kidz Get The Biz,5868.0,https://genius.com/Mac-miller-pittsburgh-kidz-get-the-biz-lyrics,https://images.genius.com/904f5ed20e5f3bbf5391f178c55c3d01.700x700x1.jpg,2010-09-13
53664,The Miller Family Reunion,5803.0,https://genius.com/Mac-miller-the-miller-family-reunion-lyrics,https://images.genius.com/781a2ead216a063ed9bf5ff4df530fd8.275x275x1.jpg,2011-08-07
513866,I Like It (Ft. Mac Miller),5706.0,https://genius.com/Meek-mill-i-like-it-lyrics,https://images.genius.com/244fc5c6945dfee6376303a3bef287c4.320x320x1.jpg,2014-09-06
64490,Death Of The Emcee,5577.0,https://genius.com/Mac-miller-death-of-the-emcee-lyrics,https://images.genius.com/904f5ed20e5f3bbf5391f178c55c3d01.700x700x1.jpg,2012-01-27
3110516,First Day of My Life,5526.0,https://genius.com/Mac-miller-first-day-of-my-life-lyrics,https://images.genius.com/bb5f468569bfbf419f89e7254193fb87.500x500x1.jpg,2012-08-31
5794160,Dunno,5473.0,https://genius.com/Noah-cyrus-dunno-lyrics,https://images.genius.com/483dec1a7f648f7bb4c6b38bb0532cfe.1000x1000x1.png,2020-07-24
53274,The Drive (Ft. Mac Miller),5233.0,https://genius.com/Chevy-woods-the-drive-lyrics,https://images.genius.com/0e981cb49cf5f4500d564c0a9b55c741.498x498x1.jpg,2011-07-30
52475,Incense (Ft. Mac Miller),5111.0,https://genius.com/Ade-incense-lyrics,https://images.genius.com/c79e2a7625a2ab8dcb809ef0a3dc37c0.500x500x1.jpg,2011-07-14
58804,One of a Kind,5108.0,https://genius.com/Mac-miller-one-of-a-kind-lyrics,https://images.genius.com/4186ee36b844bd7bbde71da3b370390b.500x500x1.jpg,2009-12-16
2140825,Troubled Man's Lullaby (Ft. Mac Miller),5096.0,https://genius.com/Retch-troubled-mans-lullaby-lyrics,https://images.rapgenius.com/bea889d47126dc8374bf4be611a393e1.600x600x1.jpg,2015-06-17
75825,Loud (Disiz Remix) (Ft. Disiz La Peste),5075.0,https://genius.com/Mac-miller-loud-disiz-remix-lyrics,https://images.genius.com/ba27ef89ffbd7d19b230de5cd3832d50.1000x1000x1.jpg,2012-05-28
2430022,C4 (Ft. Mac Miller),5073.0,https://genius.com/Sap-c4-lyrics,https://images.rapgenius.com/fd45919ce88d0092134c11c8f9aa4f97.640x640x1.jpg,2016-02-27
