id,title,views,lyric_url,art_url,release_date
501295,16 Bars Freestyle,37301,https://genius.com/Logic-16-bars-freestyle-lyrics,https://images.genius.com/0f975524d106026e89de983689d007c4.900x900x1.jpg,2014-06-24
3431843,1 (773) Vulture,146532,https://genius.com/Lil-durk-1-773-vulture-lyrics,https://images.genius.com/4259aebbf1351ac7aa12e114b9ed528b.1000x1000x1.png,2018-01-11
3050777,1-800-273-8255 (Ft. Alessia Cara & Khalid),7666012,https://genius.com/Logic-1-800-273-8255-lyrics,https://images.genius.com/f898e230528d5695fbf5e34f50784233.1000x1000x1.png,2017-04-28
3252273,1-800-273-8255,18901,https://genius.com/Our-last-night-1-800-273-8255-lyrics,https://images.genius.com/b38897b2eb4bd05ea0a8e3e66ec39c59.800x800x1.jpg,2017-09-27
3777196,1-800-273-8255,,https://genius.com/Cimorelli-1-800-273-8255-lyrics,https://images.genius.com/9cc7994dfad67ec369881fd810a88720.1000x1000x1.jpg,2017-12-31
3271377,1-800-273-8255 (Remix) (Ft. Alessia Cara & Khalid),39145,https://genius.com/Logic-and-juanes-1-800-273-8255-remix-lyrics,https://images.genius.com/90bea7e85e54534872557cf75d75dfc5.640x640x1.jpg,2017-10-13
5821207,1995 (Ft. Logic),16911,https://genius.com/Juicy-j-1995-lyrics,https://images.genius.com/97b337ec4342c69c0f2d682df271eeb3.600x600x1.jpg,2020-11-27
541785,"2014 BET Hip Hop Awards - Cypher 3 (Ft. Dee-1, Detroit Che, Lil' Mama, Logic & Troy Ave)",12485,https://genius.com/Bet-2014-bet-hip-hop-awards-cypher-3-lyrics,https://images.genius.com/fc1e88d5ec7b721595b67a928376a97d.1000x562x1.jpg,2014-10-14
210968,20/20 (Ft. Logic),32513,https://genius.com/Lungz-20-20-lyrics,https://images.genius.com/e4788bea22e54112f225d32a4970b380.500x500x1.jpg,2013-08-26
348362,"24 Freestyle (Ft. Jon Bellion, Shy Grey & Sylvan LaCue)",113837,https://genius.com/Logic-24-freestyle-lyrics,https://images.rapgenius.com/00b4eaa7f66d06a778bbff5232db5f50.640x640x1.jpg,2014-01-27
5969213,2 CHILL 2 KILL Freestyle,,https://genius.com/Daddycation-2-chill-2-kill-freestyle-lyrics,https://images.genius.com/766a329b6a0f72d9ed6fb9d1c0e06b44.200x200x1.jpg,2020-12-30
66912,"30,000",46865,https://genius.com/Logic-30000-lyrics,https://images.genius.com/6118bfdbbde22320e3c6bc130e1772d3.1000x1000x1.jpg,2011-09-19
6339944,301 Ting (Ft. Logic),,https://genius.com/Silas-301-ting-lyrics,https://assets.genius.com/images/default_cover_image.png?1628696109,None
6778958,3rd Degree,,https://genius.com/Logic-3rd-degree-lyrics,https://images.genius.com/0f975524d106026e89de983689d007c4.900x900x1.jpg,None
5991049,400* (Ft. YG),,https://genius.com/Logic-400-lyrics,https://images.genius.com/0f975524d106026e89de983689d007c4.900x900x1.jpg,None
2797979,44 Bars,785210,https://genius.com/Logic-44-bars-lyrics,https://images.genius.com/dc5faf8d31ffb2229e5eb76a51cf7947.1000x1000x1.jpg,2016-07-01
3542151,44 More,1616297,https://genius.com/Logic-44-more-lyrics,https://images.genius.com/199be2c3c2f9bbf65f09228618e3836b.1000x1000x1.jpg,2018-02-23
76334,500 Days of Summer,69322,https://genius.com/Logic-500-days-of-summer-lyrics,https://images.genius.com/4cb73fd1e86a44f861bc4ba694c17126.1000x1000x1.jpg,2012-04-30
4859878,50's & 100's (Ft. Juicy J),12638,https://genius.com/French-montana-50s-and-100s-lyrics,https://images.genius.com/e0521c5918333446291e57ad65c60e58.1000x1000x1.png,2019-12-06
6778966,5:35,,https://genius.com/Logic-5-35-lyrics,https://images.genius.com/0f975524d106026e89de983689d007c4.900x900x1.jpg,None
149341,5AM,670482,https://genius.com/Logic-5am-lyrics,https://images.genius.com/da76d57af3e6ee702af91bac2a18326a.1000x1000x1.jpg,2013-05-07
6779420,5AM (Demo),,https://genius.com/Logic-5am-demo-lyrics,https://images.genius.com/0f975524d106026e89de983689d007c4.900x900x1.jpg,None
5780716,5 Hooks,96325,https://genius.com/Logic-5-hooks-lyrics,https://images.genius.com/65a95aebc48597705c2cc569cd20736e.1000x1000x1.png,2020-07-24
140422,925,92750,https://genius.com/Logic-925-lyrics,https://images.genius.com/da76d57af3e6ee702af91bac2a18326a.1000x1000x1.jpg,2013-05-07
105941,'95 Tip,8805,https://genius.com/Logic-95-tip-lyrics,https://images.genius.com/646d03f37cdf5b66ef95c6ca341ba5fb.588x588x1.jpg,2009-12-24
6779421,99' Summer Time*,,https://genius.com/Logic-99-summer-time-lyrics,https://images.genius.com/0f975524d106026e89de983689d007c4.900x900x1.jpg,None
5778586,A2Z,80300,https://genius.com/Logic-a2z-lyrics,https://images.genius.com/65a95aebc48597705c2cc569cd20736e.1000x1000x1.png,2020-07-24
6316241,A Confession,,https://genius.com/Delaine-the-main-a-confession-lyrics,https://images.genius.com/80802846a8999bdd6ea04394449b3b72.1000x1000x1.jpg,2019-08-23
56698,Addiction,59865,https://genius.com/Logic-addiction-lyrics,https://images.genius.com/6118bfdbbde22320e3c6bc130e1772d3.1000x1000x1.jpg,2011-09-19
3039974,AfricAryaN (Ft. Neil deGrasse Tyson),486187,https://genius.com/Logic-africaryan-lyrics,https://images.genius.com/6964783fbf7f2eca0619a3bc156512dc.1000x1000x1.png,2017-05-05
486556,"Alarm Clock (Ft. Ab-Soul, Jon Connor & Logic)",29830,https://genius.com/Statik-selektah-alarm-clock-lyrics,https://images.genius.com/a8d844f454736ac7262408cea89f2a3a.500x500x1.jpg,2014-07-29
5591288,A Letter to My Younger Self,40878,https://genius.com/Quinn-xcii-and-logic-a-letter-to-my-younger-self-lyrics,https://images.genius.com/82bfb569f089a0998dfe0c0403068e74.640x640x1.jpg,2020-05-29
58019,All I Do,567365,https://genius.com/Logic-all-i-do-lyrics,https://images.genius.com/6118bfdbbde22320e3c6bc130e1772d3.1000x1000x1.jpg,2011-09-19
2840151,All Of Me (Ft. Logic & ROZES),144925,https://genius.com/Big-gigantic-all-of-me-lyrics,https://images.genius.com/dd2e38ff557b2fd3fa74ff229af816a7.600x600x1.jpg,2016-08-17
4380593,All Of Me (Naderi Remix) (Ft. Logic & ROZES),,https://genius.com/Big-gigantic-all-of-me-naderi-remix-lyrics,https://images.genius.com/71e4a912c213b1b91081d1add710cc00.1000x1000x1.jpg,2017-04-12
73023,All Sinatra Everything,68393,https://genius.com/Logic-all-sinatra-everything-lyrics,https://images.genius.com/4cb73fd1e86a44f861bc4ba694c17126.1000x1000x1.jpg,2012-04-30
6316250,All We Do,,https://genius.com/Delaine-the-main-all-we-do-lyrics,https://images.genius.com/80802846a8999bdd6ea04394449b3b72.1000x1000x1.jpg,2019-08-23
197351,Alright (Ft. Big Sean),913443,https://genius.com/Logic-alright-lyrics,https://images.rapgenius.com/44996e5a359a89a602cd8ab1e93c9abe.500x500x1.jpg,2014-04-22
4278455,Alright (Commentary) (Ft. Big Sean),,https://genius.com/Logic-alright-commentary-lyrics,https://images.genius.com/fe5e5a8431ac2d3831673b1f8fa6313e.1000x1000x1.jpg,None
5780127,Amen,81788,https://genius.com/Logic-amen-lyrics,https://images.genius.com/65a95aebc48597705c2cc569cd20736e.1000x1000x1.png,2020-07-24
3050780,"America (Ft. Big Lenbo, Black Thought, Chuck D & No I.D.)",242732,https://genius.com/Logic-america-lyrics,https://images.genius.com/6964783fbf7f2eca0619a3bc156512dc.1000x1000x1.png,2017-05-05
3266633,Ångest,,https://genius.com/Safari-se-angest-lyrics,https://images.genius.com/bc1ce9ca2db21757b85888226512b005.640x640x1.jpg,2017-09-26
3050784,Anziety (Ft. Lucy Rose),340843,https://genius.com/Logic-anziety-lyrics,https://images.genius.com/6964783fbf7f2eca0619a3bc156512dc.1000x1000x1.png,2017-05-05
56816,Are You Ready (Ft. ADE),84360,https://genius.com/Logic-are-you-ready-lyrics,https://images.genius.com/6118bfdbbde22320e3c6bc130e1772d3.1000x1000x1.jpg,2011-09-19
4617796,Artist Archive: Logic (Ft. Logic),,https://genius.com/Genius-artist-archive-logic-annotated,https://images.genius.com/f4df5c992c2a98130aa59371effc51bb.1000x1000x1.png,2019-06-09
69877,As I Am,132891,https://genius.com/Logic-as-i-am-lyrics,https://images.genius.com/6118bfdbbde22320e3c6bc130e1772d3.1000x1000x1.jpg,2011-09-19
103627,Ask 'Em,13125,https://genius.com/Logic-ask-em-lyrics,https://images.genius.com/0f21a1e2589d732e4a263527296e9f51.500x500x1.jpg,2010-12-17
347592,A Third Person Story,9625,https://genius.com/Logic-a-third-person-story-lyrics,https://images.genius.com/646d03f37cdf5b66ef95c6ca341ba5fb.588x588x1.jpg,2009-01-01
6155376,Autopilot,,https://genius.com/Logic-autopilot-lyrics,https://images.genius.com/0f975524d106026e89de983689d007c4.900x900x1.jpg,None
2797968,A Word from Our Sponsor,70395,https://genius.com/Logic-a-word-from-our-sponsor-lyrics,https://images.genius.com/dc5faf8d31ffb2229e5eb76a51cf7947.1000x1000x1.jpg,2016-07-01
72950,Aye Girl,90502,https://genius.com/Logic-aye-girl-lyrics,https://images.genius.com/4cb73fd1e86a44f861bc4ba694c17126.1000x1000x1.jpg,2012-04-30
4242986,Ayy (Ft. Logic & YG),18490,https://genius.com/Berner-and-mozzy-ayy-lyrics,https://images.genius.com/86a8fa3c265c560b4e85930e7ce424da.680x680x1.jpg,2019-02-13
2343633,Babel (Scene),27076,https://genius.com/Logic-babel-scene-lyrics,https://images.genius.com/c634aa6628c02ec206119e6b849f5a02.1000x1000x1.jpg,2015-11-13
4337027,Baby,45930,https://genius.com/Logic-baby-lyrics,https://images.genius.com/03ff49f812de1c2f2276c9bdcf5fe3a6.638x638x1.png,2019-03-26
69740,Back and Forth (Ft. Shy Grey),19150,https://genius.com/Logic-back-and-forth-lyrics,https://images.genius.com/0f21a1e2589d732e4a263527296e9f51.500x500x1.jpg,2010-12-17
3509042,Background Check,,https://genius.com/Logic-background-check-lyrics,https://images.genius.com/646d03f37cdf5b66ef95c6ca341ba5fb.588x588x1.jpg,2009-12-25
74762,BackPack,41014,https://genius.com/Logic-backpack-lyrics,https://images.genius.com/0f21a1e2589d732e4a263527296e9f51.500x500x1.jpg,2010-12-17
6407113,Backstory,,https://genius.com/Doctor-destruction-backstory-lyrics,https://images.genius.com/3f00ee1a364ce9db9e8a65d23b3317b6.1000x1000x1.jpg,2021-01-22
6407115,"Back to the Basement (Ft. Big Lenbo, Se7enth Assassin, Shy Grey & Silas)",9503,https://genius.com/Doctor-destruction-back-to-the-basement-lyrics,https://images.genius.com/2cbf13668848876feb314b10c90de3dd.1000x1000x1.jpg,2021-01-22
149355,Ballin (Ft. Shy Grey),573976,https://genius.com/Logic-ballin-lyrics,https://images.genius.com/768e6fe174996d0343b0394b3a1d0775.440x440x1.jpg,2013-05-07
5802931,Ballin' (Soundtrack Version),,https://genius.com/Logic-ballin-soundtrack-version-lyrics,https://images.genius.com/1d3305fd783dda34ba7a76e5c794c31d.440x440x1.jpg,2018-06-15
6349337,Bars on Bars,,https://genius.com/Logic-bars-on-bars-lyrics,https://images.genius.com/0f975524d106026e89de983689d007c4.900x900x1.jpg,None
6349349,Bars on Bars (Live Freestyle),,https://genius.com/Logic-bars-on-bars-live-freestyle-lyrics,https://images.genius.com/0f975524d106026e89de983689d007c4.900x900x1.jpg,None
3991764,"Bear Market (Ft. Cray-Z, DJ Mekalek, Invsble Bully, Nitty Scott & Walz)",,https://genius.com/Logic-bear-market-lyrics,https://images.genius.com/0f975524d106026e89de983689d007c4.900x900x1.jpg,None
74303,Beggin (Ft. Shy Grey),116838,https://genius.com/Logic-beggin-lyrics,https://images.genius.com/6118bfdbbde22320e3c6bc130e1772d3.1000x1000x1.jpg,2011-09-19
3583208,Bennie and the Jets (2018 Version),14634,https://genius.com/Elton-john-p-nk-and-logic-bennie-and-the-jets-2018-version-lyrics,https://images.genius.com/2bc9778f1edbf4fef7bc3e56fd97d13c.440x440x1.jpg,2018-04-06
4422285,Best Friend,21092,https://genius.com/Logic-best-friend-lyrics,https://images.genius.com/03ff49f812de1c2f2276c9bdcf5fe3a6.638x638x1.png,2019-03-26
549247,BET Backroom Freestyle,,https://genius.com/Logic-bet-backroom-freestyle-lyrics,https://images.rapgenius.com/ad87acae4680f4a2fab43b9acc9c34f7.500x300x1.jpg,2014-10-21
6407109,Better Text Back,,https://genius.com/Doctor-destruction-better-text-back-lyrics,https://images.genius.com/2cbf13668848876feb314b10c90de3dd.1000x1000x1.jpg,2021-01-22
554835,Big Boy's Neighborhood Freestyle,6983,https://genius.com/Logic-big-boys-neighborhood-freestyle-lyrics,https://images.genius.com/0f975524d106026e89de983689d007c4.900x900x1.jpg,2014-10-23
512226,Biscayne Blvd,18686,https://genius.com/Sylvan-lacue-biscayne-blvd-lyrics,https://images.rapgenius.com/161b5cd63f9242ee61f119454b84a0a3.500x500x1.jpg,2014-09-02
3053927,Black SpiderMan (Ft. Damian Lemar Hudson),962177,https://genius.com/Logic-black-spiderman-lyrics,https://images.genius.com/a416eb570d5cfdbfe9f2034942a83711.1000x1000x1.jpg,2017-04-13
5997719,Blood In Blood Out (Ft. YG),,https://genius.com/Logic-blood-in-blood-out-lyrics,https://images.genius.com/0f975524d106026e89de983689d007c4.900x900x1.jpg,2020-09-26
6848574,Blueworld,,https://genius.com/Mxv-blueworld-lyrics,https://assets.genius.com/images/default_cover_image.png?1628696109,None
4539191,BOBBY (Ft. Smokey Legendary),63831,https://genius.com/Logic-bobby-lyrics,https://images.genius.com/b8bc3fc4f330e08a83f5fc20182b092f.1000x1000x1.png,2019-05-10
4337021,Bohemian Trapsody,82079,https://genius.com/Logic-bohemian-trapsody-lyrics,https://images.genius.com/03ff49f812de1c2f2276c9bdcf5fe3a6.638x638x1.png,2019-03-26
3565837,BoomTrap Protocol,142091,https://genius.com/Logic-boomtrap-protocol-lyrics,https://images.genius.com/63c66d2062279080649c26b632183df5.1000x1000x1.jpg,2018-03-09
5955192,​borat,,https://genius.com/Logic-borat-lyrics,https://images.genius.com/87e60495d5e5d220be1b1f8465abfa63.1000x1000x1.jpg,2020-09-11
6127752,Borat Freestyle,,https://genius.com/Viv-borat-freestyle-lyrics,https://www.google.com/url?sa=i&url=https://www.youtube.com/watch?v=S29qia8N1Y4&psig=AOvVaw0lYpW4ByJus9S0dKJLUkT2&ust=1606332502577000&source=images&cd=vfe&ved=0CAIQjRxqFwoTCJCF0oT1m-0CFQAAAAAdAAAAABAD,2020-10-16
528275,Bounce,469091,https://genius.com/Logic-bounce-lyrics,https://images.genius.com/0e10abfcaf58141b1b609d2c5ac04b6b.1000x1000x1.png,2014-10-21
4278450,Bounce (Commentary Version),,https://genius.com/Logic-bounce-commentary-version-lyrics,https://images.genius.com/fe5e5a8431ac2d3831673b1f8fa6313e.1000x1000x1.jpg,None
6407121,Bounty Law (Ft. Del The Funky Homosapien & Ghostface Killah),,https://genius.com/Doctor-destruction-bounty-law-lyrics,https://images.genius.com/86374274ce59bd7dbba601f20b9a81cc.220x220x1.jpg,2021-01-22
2662687,Breakfast Bars Freestyle,,https://genius.com/Logic-breakfast-bars-freestyle-lyrics,https://images.genius.com/0f975524d106026e89de983689d007c4.900x900x1.jpg,2015-11-18
149361,Break It Down (Ft. Jhené Aiko),164853,https://genius.com/Logic-break-it-down-lyrics,https://images.genius.com/da76d57af3e6ee702af91bac2a18326a.1000x1000x1.jpg,2013-05-07
3306468,Broken People,194079,https://genius.com/Logic-and-ragnbone-man-broken-people-lyrics,https://images.genius.com/ae443c0bdf901cb1ec1b674c6025a789.1000x1000x1.jpg,2017-11-29
6779422,Bubbly Callait,,https://genius.com/Logic-bubbly-callait-lyrics,https://images.genius.com/0f975524d106026e89de983689d007c4.900x900x1.jpg,None
528271,Buried Alive,457077,https://genius.com/Logic-buried-alive-lyrics,https://images.rapgenius.com/d9a95dc8384ba9700337b04736d993af.1000x1000x1.jpg,2014-10-14
4278449,Buried Alive (Commentary Version),,https://genius.com/Logic-buried-alive-commentary-version-lyrics,https://images.genius.com/fe5e5a8431ac2d3831673b1f8fa6313e.1000x1000x1.jpg,None
6407117,Butt Ass Naked (Ft. Black_Chocolate & Marc Rebillet),5298,https://genius.com/Doctor-destruction-butt-ass-naked-lyrics,https://images.genius.com/3f00ee1a364ce9db9e8a65d23b3317b6.1000x1000x1.jpg,2021-01-22
4422284,By the Bridge,21180,https://genius.com/Logic-by-the-bridge-lyrics,https://images.genius.com/03ff49f812de1c2f2276c9bdcf5fe3a6.638x638x1.png,2019-03-26
6030611,Call Me,17962,https://genius.com/Logic-call-me-lyrics,https://images.genius.com/2b1c714f08a8ec24c3805a2d16a6ebfb.1000x1000x1.jpg,2021-07-23
6398363,Came outta nowhere (Ft. Logic),,https://genius.com/Zurtii-ft-logic-came-outta-nowhere-annotated,https://assets.genius.com/images/default_cover_image.png?1628696109,None
4337023,Can I Kick It (Ft. Juto),59672,https://genius.com/Logic-can-i-kick-it-lyrics,https://images.genius.com/03ff49f812de1c2f2276c9bdcf5fe3a6.638x638x1.png,2019-03-26
61700,Can I Love,62329,https://genius.com/Logic-can-i-love-lyrics,https://images.genius.com/0f21a1e2589d732e4a263527296e9f51.500x500x1.jpg,2010-12-17
2660043,Capital Freestyle,,https://genius.com/Logic-capital-freestyle-lyrics,https://images.genius.com/0f975524d106026e89de983689d007c4.900x900x1.jpg,2015-03-28
6850795,Car Radio (Ft. Logic),,https://genius.com/Lil-kermy-car-radio-annotated,https://images.genius.com/4d843fcaf165061bd91457613ca933c2.940x624x1.jpg,2019-07-12
5874011,Catch This Vibe* (Ft. John Lindahl),,https://genius.com/Logic-catch-this-vibe-lyrics,https://images.genius.com/0f975524d106026e89de983689d007c4.900x900x1.jpg,None
3600172,Caterpillar (Remix) (Ft. King Green & Logic),70084,https://genius.com/Royce-da-59-caterpillar-remix-lyrics,https://images.genius.com/ece0d83dced13a6ca8fbcbc25cfd032f.640x640x1.jpg,2018-05-04
5780718,Celebration (Ft. Silas),117231,https://genius.com/Logic-celebration-lyrics,https://images.genius.com/65a95aebc48597705c2cc569cd20736e.1000x1000x1.png,2020-07-24
82291,Champagne Thoughts (Interlude),16829,https://genius.com/Logic-champagne-thoughts-interlude-lyrics,https://images.genius.com/6118bfdbbde22320e3c6bc130e1772d3.1000x1000x1.jpg,2011-09-19
6034153,Champions Theme,,https://genius.com/Logic-champions-theme-lyrics,https://images.genius.com/0f975524d106026e89de983689d007c4.900x900x1.jpg,None
3160221,Changes,34154,https://genius.com/Logic-changes-lyrics,https://images.genius.com/0f975524d106026e89de983689d007c4.900x900x1.jpg,None
3292622,Circa 2010 (Untitled),,https://genius.com/Logic-circa-2010-untitled-lyrics,https://images.genius.com/0f975524d106026e89de983689d007c4.900x900x1.jpg,None
2343630,City of Stars,338855,https://genius.com/Logic-city-of-stars-lyrics,https://images.genius.com/c634aa6628c02ec206119e6b849f5a02.1000x1000x1.jpg,2015-11-13
4539232,​​clickbait,182991,https://genius.com/Logic-clickbait-lyrics,https://images.genius.com/b8bc3fc4f330e08a83f5fc20182b092f.1000x1000x1.png,2019-05-10
3960895,Cocaine,80268,https://genius.com/Logic-cocaine-lyrics,https://images.genius.com/06bf17fa07f1737e6ac698235ff1f79a.1000x1000x1.jpg,2019-05-10
4539169,COMMANDO (Ft. G-Eazy),104922,https://genius.com/Logic-commando-lyrics,https://images.genius.com/b8bc3fc4f330e08a83f5fc20182b092f.1000x1000x1.png,2019-05-10
149364,Common Logic / Midnight Marauder,120120,https://genius.com/Logic-common-logic-midnight-marauder-lyrics,https://images.genius.com/da76d57af3e6ee702af91bac2a18326a.1000x1000x1.jpg,2013-05-07
97279,Concrete,16829,https://genius.com/Logic-concrete-lyrics,https://images.genius.com/bc42710db3fbea033fc7bce819b523d5.600x600x1.jpg,2012-11-12
3050771,Confess (Ft. Killer Mike),194904,https://genius.com/Logic-confess-lyrics,https://images.genius.com/6964783fbf7f2eca0619a3bc156512dc.1000x1000x1.png,2017-05-05
4405998,Confessions of a Dangerous Mind,505919,https://genius.com/Logic-confessions-of-a-dangerous-mind-lyrics,https://images.genius.com/888ae8682f1bd7281c45f0618c3d30c4.1000x1000x1.jpg,2019-03-22
2343414,Contact,81860,https://genius.com/Logic-contact-lyrics,https://images.genius.com/c634aa6628c02ec206119e6b849f5a02.1000x1000x1.jpg,2015-11-13
3565836,Contra,222354,https://genius.com/Logic-contra-lyrics,https://images.genius.com/9dbb0a253bee619d94e190382ef185d5.1000x1000x1.jpg,2018-03-09
6407111,Cosmos 105.7 (Skit 1),,https://genius.com/Doctor-destruction-cosmos-1057-skit-1-lyrics,https://images.genius.com/0824379ced2ce811eb14f6b216f1c54e.900x900x1.png,2021-01-22
6407114,Cosmos 105.7 (Skit 2),,https://genius.com/Doctor-destruction-cosmos-1057-skit-2-lyrics,https://images.genius.com/0824379ced2ce811eb14f6b216f1c54e.900x900x1.png,2021-01-22
5776782,DadBod,143950,https://genius.com/Logic-dadbod-lyrics,https://images.genius.com/8f7d9df10fc9fe72bd747728f385e2d5.316x316x1.jpg,2020-07-24
5778592,Dark Place,93896,https://genius.com/Logic-dark-place-lyrics,https://images.genius.com/65a95aebc48597705c2cc569cd20736e.1000x1000x1.png,2020-07-24
5843183,Dark Place (Original),,https://genius.com/Logic-dark-place-original-lyrics,https://images.genius.com/0f975524d106026e89de983689d007c4.900x900x1.jpg,None
7093311,Dat Boy Good,,https://genius.com/Logic-dat-boy-good-lyrics,https://images.genius.com/55b4290ff7b56a1e82002a3fac7daefa.640x640x1.jpg,2017-01-01
6656655,Day to Day,,https://genius.com/Logic-day-to-day-lyrics,https://images.genius.com/0f975524d106026e89de983689d007c4.900x900x1.jpg,None
2440677,Dead Presidents II,,https://genius.com/Silas-dead-presidents-ii-lyrics,https://images.genius.com/9f2bf8353a62a29e8d8472837e5ce4e5.800x800x1.jpg,2016-02-04
73006,Dead Presidents III,201520,https://genius.com/Logic-dead-presidents-iii-lyrics,https://images.genius.com/4cb73fd1e86a44f861bc4ba694c17126.1000x1000x1.jpg,2012-04-30
72927,Dear God,198057,https://genius.com/Logic-dear-god-lyrics,https://images.genius.com/4cb73fd1e86a44f861bc4ba694c17126.1000x1000x1.jpg,2012-04-30
6407123,Death of Destruction,,https://genius.com/Doctor-destruction-death-of-destruction-lyrics,https://images.genius.com/86374274ce59bd7dbba601f20b9a81cc.220x220x1.jpg,2021-01-22
6034262,Dedication ”borat” (Prod. Logic),,https://genius.com/Dylan-naber-dedication-borat-prod-logic-lyrics,https://images.genius.com/b6444e4aa6a18d7e2e96d603e4666b97.964x964x1.jpg,2020-09-12
2797993,Deeper Than Money,167644,https://genius.com/Logic-deeper-than-money-lyrics,https://images.genius.com/dc5faf8d31ffb2229e5eb76a51cf7947.1000x1000x1.jpg,2016-07-01
4422298,DeLorean,24695,https://genius.com/Logic-delorean-lyrics,https://images.genius.com/03ff49f812de1c2f2276c9bdcf5fe3a6.638x638x1.png,2019-03-26
6781503,Die Another Day,,https://genius.com/Logic-die-another-day-lyrics,https://images.genius.com/0f975524d106026e89de983689d007c4.900x900x1.jpg,None
73182,Disgusting (Ft. Shy Grey),111503,https://genius.com/Logic-disgusting-lyrics,https://images.genius.com/4cb73fd1e86a44f861bc4ba694c17126.1000x1000x1.jpg,2012-04-30
4539190,Don't Be Afraid to Be Different (Ft. Will Smith),56873,https://genius.com/Logic-dont-be-afraid-to-be-different-lyrics,https://images.genius.com/b8bc3fc4f330e08a83f5fc20182b092f.1000x1000x1.png,2019-05-10
3725371,Dope Talent (Ft. Logic),7766,https://genius.com/Dizzy-wright-dope-talent-lyrics,https://images.genius.com/823cd17c3e2c381313ae017057b1b88c.750x750x1.jpg,2018-06-01
6407112,Double Sample,,https://genius.com/Doctor-destruction-double-sample-lyrics,https://images.genius.com/2cbf13668848876feb314b10c90de3dd.1000x1000x1.jpg,2021-01-22
4084455,Do What You Love (Ft. Ariea),8455,https://genius.com/Logic-x-hitrecord-do-what-you-love-lyrics,https://images.genius.com/9a12996055dd70ea83d90c485fe43884.730x730x1.jpg,2019-03-15
5390815,Down Bad* (Ft. JID),,https://genius.com/Logic-down-bad-lyrics,https://images.genius.com/0f975524d106026e89de983689d007c4.900x900x1.jpg,None
73019,Do Ya Like,155055,https://genius.com/Logic-do-ya-like-lyrics,https://images.genius.com/4cb73fd1e86a44f861bc4ba694c17126.1000x1000x1.jpg,2012-04-30
3553080,Drift Away (Ft. Logic),,https://genius.com/Damian-lemar-hudson-drift-away-lyrics,https://images.genius.com/3be2d2cb3a4d671dd3123d3423cf98f9.500x500x1.jpg,2010-02-22
506780,Driving Ms Daisy (Ft. Childish Gambino),251861,https://genius.com/Logic-driving-ms-daisy-lyrics,https://images.genius.com/2c9956b0499470e6d5e3e5d1e65f0713.500x500x1.jpg,2014-08-27
4278454,Driving Ms. Daisy (Commentary),,https://genius.com/Logic-driving-ms-daisy-commentary-lyrics,https://images.genius.com/fe5e5a8431ac2d3831673b1f8fa6313e.1000x1000x1.jpg,None
5955191,​eat the rice,,https://genius.com/Logic-eat-the-rice-lyrics,https://images.genius.com/87e60495d5e5d220be1b1f8465abfa63.1000x1000x1.jpg,2020-09-11
5372450,Euphoria,,https://genius.com/Logic-euphoria-lyrics,https://images.genius.com/0f975524d106026e89de983689d007c4.900x900x1.jpg,None
4568682,Everybirdy,,https://genius.com/Bluefeet-everybirdy-lyrics,https://images.genius.com/b8dda5504427925de8fb1394cbdb2595.1000x1000x1.jpg,None
3039792,Everybody,1359239,https://genius.com/Logic-everybody-lyrics,https://images.genius.com/1a3538f7662a09300876b0da68b6f8df.1000x1000x1.jpg,2017-03-30
3039094,Everybody [Album Trailer],,https://genius.com/Logic-everybody-album-trailer-lyrics,https://images.genius.com/0f975524d106026e89de983689d007c4.900x900x1.jpg,2017-03-29
3941845,Everybody Dies,183403,https://genius.com/Logic-everybody-dies-lyrics,https://images.genius.com/5ccbb977ba02fff0826405b701b7dd31.1000x1000x1.jpg,2018-09-07
3040510,Everybody Documentary,27549,https://genius.com/Logic-everybody-documentary-lyrics,https://images.genius.com/a98ea86daeef5b6ff887687767e78d28.667x1000x1.jpg,2017-05-05
3189390,Everybody Tour Freestyle,,https://genius.com/Logic-and-joey-bada-everybody-tour-freestyle-lyrics,https://images.genius.com/993f1ddb32b96e787c26d7c854249203.500x500x1.jpg,2017-08-08
3554278,Everyday,685409,https://genius.com/Logic-and-marshmello-everyday-lyrics,https://images.genius.com/c021dc75bb454159fc1479531b3b0039.1000x1000x1.jpg,2018-03-02
4282959,Everyday (Mixed),,https://genius.com/Logic-and-marshmello-everyday-mixed-lyrics,https://images.genius.com/182e48dd63b16772c684d25a1aef5012.1000x1000x1.jpg,2019-02-02
515561,Everything I Am (Ft. Audio Push & Hit-Boy),17440,https://genius.com/Logic-everything-i-am-lyrics,https://images.genius.com/7798b08ef0f3b80a844c28baf8957a7d.350x350x1.jpg,2014-09-08
2343415,Fade Away,813888,https://genius.com/Logic-fade-away-lyrics,https://images.rapgenius.com/4d843c574024060a741b3bf7135e23c6.600x600x1.jpg,2015-11-05
5777855,Faded,,https://genius.com/Logic-faded-lyrics,https://images.genius.com/0f975524d106026e89de983689d007c4.900x900x1.jpg,None
83720,Fan In Denial (F.I.D.),,https://genius.com/Logic-fan-in-denial-fid-lyrics,https://images.genius.com/4b1e40c4690e538e6408077cf5c2c6b6.300x300x1.jpg,2011-06-03
140666,Feel Good,95506,https://genius.com/Logic-feel-good-lyrics,https://images.genius.com/da76d57af3e6ee702af91bac2a18326a.1000x1000x1.jpg,2013-05-07
6683030,Feeling Myself,,https://genius.com/Logic-feeling-myself-lyrics,https://images.genius.com/0f975524d106026e89de983689d007c4.900x900x1.jpg,None
79206,Feels Right (Ft. Logic),5488,https://genius.com/Yonas-feels-right-lyrics,https://images.genius.com/92bf10efd085d04b457df2651f11ea3a.500x500x1.jpg,2012-06-25
5843128,Final 44*,,https://genius.com/Logic-final-44-lyrics,https://images.genius.com/0f975524d106026e89de983689d007c4.900x900x1.jpg,None
423843,Finding Forever Freestyle,26924,https://genius.com/Logic-finding-forever-freestyle-lyrics,https://images.rapgenius.com/569efce01cb314101359425022547c7d.640x640x1.jpg,2014-05-05
741294,Fire In The Booth Freestyle (Ft. Charlie Sloth),5475,https://genius.com/Logic-fire-in-the-booth-freestyle-lyrics,https://images.genius.com/0f975524d106026e89de983689d007c4.900x900x1.jpg,2015-04-04
6703499,Firestarter*i,,https://genius.com/Logic-firestarteri-lyrics,https://images.genius.com/0f975524d106026e89de983689d007c4.900x900x1.jpg,None
5397553,Flawless,20765,https://genius.com/Logic-flawless-lyrics,https://images.genius.com/40b98daf12f92f25cb9df75d79ec0fed.1000x1000x1.png,2021-07-30
2466721,Flexicution,604536,https://genius.com/Logic-flexicution-lyrics,https://images.genius.com/552485dd9f5811ef3ef41ade4d8a4aa6.1000x1000x1.jpg,2016-06-13
2864337,Flexicution,,https://genius.com/Ricky-conaway-flexicution-lyrics,https://i.genius.com/6cd345bb5e9089e020943efaff9da16e4e15acc2?url=https%3A%2F%2Fsoundcloud.com%2Frickyconaway732%2Fi-got-the-keys-goosebumps,2016-09-23
5911483,FLY,,https://genius.com/Ro-b-z-fly-lyrics,https://images.genius.com/c189e772e3abbf82529ae41c679b982a.1000x1000x1.png,2020-09-11
3082132,Fly Away,,https://genius.com/Logic-fly-away-lyrics,https://images.genius.com/0f975524d106026e89de983689d007c4.900x900x1.jpg,None
6779332,Fly Away (Waving Version),,https://genius.com/Logic-fly-away-waving-version-lyrics,https://images.genius.com/0f975524d106026e89de983689d007c4.900x900x1.jpg,2015-01-18
531685,Freestyle At Logic Concert in LA (Ft. Logic),,https://genius.com/Jon-bellion-freestyle-at-logic-concert-in-la-lyrics,https://images.genius.com/0d13411157339d59d110abf4f2b5337c.540x540x1.jpg,2013-06-01
4112968,Freestyle Friday Vol. 4,,https://genius.com/Logic-freestyle-friday-vol-4-lyrics,https://images.genius.com/e38a40d91df06e96a43d7cd019a8426a.158x104x1.png,2018-11-23
4929691,Fun Up Here (Ft. Logic),8385,https://genius.com/Mike-posner-fun-up-here-lyrics,https://images.genius.com/4fe58ead3bd69f87f5442ebff9f0e175.1000x1000x1.jpg,2019-10-09
5816817,GAH DAMN HIGH (Ft. Wiz Khalifa),12719,https://genius.com/Juicy-j-and-lex-luger-gah-damn-high-lyrics,https://images.genius.com/ff349623b0c81e3312c8ef8aad6420dd.1000x1000x1.png,2020-07-31
523560,Gang Related,1750663,https://genius.com/Logic-gang-related-lyrics,https://images.genius.com/0e10abfcaf58141b1b609d2c5ac04b6b.1000x1000x1.png,2014-10-21
2427341,Gang Related (Commentary Version),,https://genius.com/Logic-gang-related-commentary-version-lyrics,https://images.rapgenius.com/889a7be71d011b25f8f7024d3f6a8a5f.1000x1000x1.jpg,2014-10-21
6884439,Get Enough (Ft. Yung Damemo),,https://genius.com/Lil-soulja-get-enough-lyrics,https://images.genius.com/4fd26f4358a829e11d2deefc8e3c9bf2.342x342x1.jpg,2014-03-16
6989440,Get Up,17742,https://genius.com/Logic-get-up-lyrics,https://images.genius.com/3f145a033c112146a720606193017e1d.1000x1000x1.jpg,2021-07-09
85660,Give It To Me,18422,https://genius.com/Logic-give-it-to-me-lyrics,https://images.genius.com/0f21a1e2589d732e4a263527296e9f51.500x500x1.jpg,2010-12-17
6030586,Glamorus,,https://genius.com/Logic-glamorus-lyrics,https://images.genius.com/0f975524d106026e89de983689d007c4.900x900x1.jpg,None
5529224,GOD,,https://genius.com/Logic-god-lyrics,https://images.genius.com/0f975524d106026e89de983689d007c4.900x900x1.jpg,2020-01-01
5555613,GOD (Bonus),,https://genius.com/Logic-god-bonus-lyrics,https://images.genius.com/0f975524d106026e89de983689d007c4.900x900x1.jpg,None
2911413,God (In My Mind),,https://genius.com/Logic-god-in-my-mind-lyrics,https://images.genius.com/0f975524d106026e89de983689d007c4.900x900x1.jpg,None
6674462,God Might Judge,18572,https://genius.com/Logic-god-might-judge-lyrics,https://images.genius.com/40b98daf12f92f25cb9df75d79ec0fed.1000x1000x1.png,2021-07-30
135962,Gone,16463,https://genius.com/Logic-gone-lyrics,https://images.genius.com/d066a9988a6b27fce3cb4f1430fd628f.660x660x1.jpg,2013-05-01
5800196,Go Stupid (Remix)*,,https://genius.com/Logic-go-stupid-remix-lyrics,https://images.genius.com/0f975524d106026e89de983689d007c4.900x900x1.jpg,None
5103526,GP4,203967,https://genius.com/Logic-gp4-lyrics,https://images.genius.com/65a95aebc48597705c2cc569cd20736e.1000x1000x1.png,2020-07-24
3565835,Grandpa's Space Ship,61986,https://genius.com/Logic-grandpas-space-ship-lyrics,https://images.genius.com/63c66d2062279080649c26b632183df5.1000x1000x1.jpg,2018-03-07
6407110,Green Juices,,https://genius.com/Doctor-destruction-green-juices-lyrics,https://images.genius.com/2cbf13668848876feb314b10c90de3dd.1000x1000x1.jpg,2021-01-22
5955189,​groovy,,https://genius.com/Logic-groovy-lyrics,https://images.genius.com/87e60495d5e5d220be1b1f8465abfa63.1000x1000x1.jpg,2020-09-11
90918,Growing Pains,38834,https://genius.com/Logic-growing-pains-lyrics,https://images.genius.com/0f21a1e2589d732e4a263527296e9f51.500x500x1.jpg,2010-12-17
57041,Growing Pains II,115182,https://genius.com/Logic-growing-pains-ii-lyrics,https://images.genius.com/6118bfdbbde22320e3c6bc130e1772d3.1000x1000x1.jpg,2011-09-19
528304,Growing Pains III,267247,https://genius.com/Logic-growing-pains-iii-lyrics,https://images.genius.com/0e10abfcaf58141b1b609d2c5ac04b6b.1000x1000x1.png,2014-10-21
2428553,Growing Pains III (Commentary Version),,https://genius.com/Logic-growing-pains-iii-commentary-version-lyrics,https://images.rapgenius.com/889a7be71d011b25f8f7024d3f6a8a5f.1000x1000x1.jpg,2014-10-21
3050769,Hallelujah,249308,https://genius.com/Logic-hallelujah-lyrics,https://images.genius.com/6964783fbf7f2eca0619a3bc156512dc.1000x1000x1.png,2017-05-05
404292,Hard Knock TV Freestyle,,https://genius.com/Logic-hard-knock-tv-freestyle-lyrics,https://images.genius.com/0f975524d106026e89de983689d007c4.900x900x1.jpg,2014-04-14
5525458,Heard Em Say,88655,https://genius.com/Logic-heard-em-say-lyrics,https://images.genius.com/65a95aebc48597705c2cc569cd20736e.1000x1000x1.png,2020-07-24
6779423,Heard Em Say (Original),,https://genius.com/Logic-heard-em-say-original-lyrics,https://images.genius.com/0f975524d106026e89de983689d007c4.900x900x1.jpg,None
6148646,Heartbeat*,,https://genius.com/Logic-heartbeat-lyrics,https://images.genius.com/0f975524d106026e89de983689d007c4.900x900x1.jpg,None
2416636,Here (Logic Remix) (Ft. Logic),30118,https://genius.com/Alessia-cara-here-logic-remix-lyrics,https://images.genius.com/5280c29dc61385fd0e48b8d78dbf1051.1000x1000x1.jpg,2016-04-15
5796580,Hi,,https://genius.com/Logic-hi-lyrics,https://images.genius.com/0f975524d106026e89de983689d007c4.900x900x1.jpg,None
4924846,High & Mighty*,,https://genius.com/Logic-high-and-mighty-lyrics,https://images.genius.com/0f975524d106026e89de983689d007c4.900x900x1.jpg,None
83310,Highs & Lows,25107,https://genius.com/Logic-highs-and-lows-lyrics,https://images.genius.com/6118bfdbbde22320e3c6bc130e1772d3.1000x1000x1.jpg,2011-09-19
5477036,High Today (Ft. Logic),82286,https://genius.com/Wiz-khalifa-high-today-lyrics,https://images.genius.com/b1a60ed2aa73e300594cfbc5c76ba76d.1000x1000x1.jpg,2020-04-20
5525461,Hit My Line,130355,https://genius.com/Logic-hit-my-line-lyrics,https://images.genius.com/65a95aebc48597705c2cc569cd20736e.1000x1000x1.png,2020-07-24
5776632,Hold Me Down,,https://genius.com/Logic-hold-me-down-lyrics,https://images.genius.com/0f975524d106026e89de983689d007c4.900x900x1.jpg,None
6993175,Hold the Line,,https://genius.com/Logic-hold-the-line-lyrics,https://images.genius.com/0f975524d106026e89de983689d007c4.900x900x1.jpg,None
3107385,Home (Remix) (Ft. Logic),16083,https://genius.com/Snoh-aalegra-home-remix-lyrics,https://images.genius.com/4cbbe3e8e4ede6b6cbe454db341ae388.640x640x1.jpg,2017-05-31
4519154,Homicide (Ft. Eminem),3525814,https://genius.com/Logic-homicide-lyrics,https://images.genius.com/0fcc4b059e115bc7694cc2b039738c11.1000x1000x1.png,2019-05-03
4575654,Homicide (Cover),,https://genius.com/Kevin-indie-homicide-cover-lyrics,https://assets.genius.com/images/default_cover_image.png?1628696109,None
6591962,How You Livin',,https://genius.com/Logic-how-you-livin-lyrics,https://images.genius.com/0f975524d106026e89de983689d007c4.900x900x1.jpg,None
373590,Hunger,5201,https://genius.com/Logic-hunger-lyrics,https://images.genius.com/646d03f37cdf5b66ef95c6ca341ba5fb.588x588x1.jpg,2009-01-01
6778963,Hunger (Original),,https://genius.com/Logic-hunger-original-lyrics,https://images.genius.com/0f975524d106026e89de983689d007c4.900x900x1.jpg,None
2360995,I Ain't Fukin Wit Cha (Ft. Logic),26520,https://genius.com/Juicy-j-i-aint-fukin-wit-cha-lyrics,https://images.rapgenius.com/f05dc6216dff2bcbcbba696968aa6c98.597x597x1.jpg,2015-12-14
2338721,I Am the Greatest,227036,https://genius.com/Logic-i-am-the-greatest-lyrics,https://images.genius.com/c634aa6628c02ec206119e6b849f5a02.1000x1000x1.jpg,2015-11-13
5433604,I Can We Can (Ft. Logic),,https://genius.com/Ski-mask-the-slump-god-i-can-we-can-lyrics,https://images.genius.com/dcd375b9914f1d133c0c22f19b1aeeb0.1000x1000x1.jpg,None
3074482,Ice Cold (Ft. Logic),12065,https://genius.com/Big-lenbo-ice-cold-lyrics,https://images.genius.com/fed8a95e79e9400f52ddbdec418df08a.500x500x1.jpg,2017-05-02
3976900,ICONIC (Ft. Jaden),181698,https://genius.com/Logic-iconic-lyrics,https://images.genius.com/167533ad40b7f1e21f676764358f8b69.1000x1000x1.png,2018-09-28
6304882,I Cut Myself To Feel Something,,https://genius.com/Delaine-the-main-i-cut-myself-to-feel-something-lyrics,https://images.genius.com/d974fcc4188a92c67172861f37d2b09b.1000x1000x1.jpg,2020-10-09
4360562,Icy (Ft. Gucci Mane),167274,https://genius.com/Logic-icy-lyrics,https://images.genius.com/81bf91fe8d85ca2cd42515be1aa48013.600x600x1.jpg,2019-05-10
6779424,Icy (Demo),,https://genius.com/Logic-icy-demo-lyrics,https://images.genius.com/0f975524d106026e89de983689d007c4.900x900x1.jpg,None
4627891,Icy (Freestyle),,https://genius.com/Wrekonize-icy-freestyle-lyrics,https://images.genius.com/d100c818847d98a77136b5192bbd09e5.700x700x1.jpg,2019-06-12
157545,I Got This (Ft. Logic & VIC MENSA),21269,https://genius.com/Tyler-thomas-i-got-this-lyrics,https://images.genius.com/1e4234a88c7f7ffd0546473add436e69.500x500x1.jpg,2013-05-12
98659,I Just Wanna,22624,https://genius.com/Logic-i-just-wanna-lyrics,https://images.genius.com/0f21a1e2589d732e4a263527296e9f51.500x500x1.jpg,2010-12-17
263003,I Know (Ft. Logic),,https://genius.com/Shy-grey-i-know-lyrics,https://images.genius.com/3628bfa2dac5ad1063ba66d347f1fe18.1000x1000x1.jpg,2010-12-09
2798050,​illuminatro,114238,https://genius.com/Logic-illuminatro-lyrics,https://images.genius.com/dc5faf8d31ffb2229e5eb76a51cf7947.1000x1000x1.jpg,2016-07-01
4409626,I Love You Forever,40016,https://genius.com/Logic-i-love-you-forever-lyrics,https://images.genius.com/03ff49f812de1c2f2276c9bdcf5fe3a6.638x638x1.png,2019-03-26
6766381,I Love You Phillip Morris,,https://genius.com/Logic-i-love-you-phillip-morris-lyrics,https://images.genius.com/5bc4d7f1c8358c0a2be6f540d80aa374.750x750x1.jpg,2021-05-01
73851,I Made It,33789,https://genius.com/Logic-i-made-it-lyrics,https://images.genius.com/4cb73fd1e86a44f861bc4ba694c17126.1000x1000x1.jpg,2012-04-30
526729,I'm Gone,292103,https://genius.com/Logic-im-gone-lyrics,https://images.genius.com/0e10abfcaf58141b1b609d2c5ac04b6b.1000x1000x1.png,2014-10-21
2427324,I'm Gone (Commentary Version),,https://genius.com/Logic-im-gone-commentary-version-lyrics,https://images.rapgenius.com/889a7be71d011b25f8f7024d3f6a8a5f.1000x1000x1.jpg,2014-10-21
5403310,I miss my real friends (Logic- The Glorious Five Remix),,https://genius.com/R3alt4lk-i-miss-my-real-friends-logic-the-glorious-five-remix-lyrics,https://images.genius.com/5707232b3797878e386b978cd665bc21.750x750x1.jpg,None
4129509,I'm Probably Gonna Rock Your World,16775,https://genius.com/Logic-im-probably-gonna-rock-your-world-lyrics,https://images.genius.com/03ff49f812de1c2f2276c9bdcf5fe3a6.638x638x1.png,2019-03-03
3655248,Incarceration (Ft. Jason Maliki),,https://genius.com/Logic-incarceration-lyrics,https://images.genius.com/0f975524d106026e89de983689d007c4.900x900x1.jpg,None
72929,Inception,182394,https://genius.com/Logic-inception-lyrics,https://images.genius.com/4cb73fd1e86a44f861bc4ba694c17126.1000x1000x1.jpg,2012-04-30
3565839,Indica Badu (Ft. Wiz Khalifa),287018,https://genius.com/Logic-indica-badu-lyrics,https://images.genius.com/63c66d2062279080649c26b632183df5.1000x1000x1.jpg,2018-03-09
5201696,Indica Badu (Freestyle),,https://genius.com/Dynamicmp-indica-badu-freestyle-lyrics,https://images.genius.com/a07ca743a22cb6a1fdc2f6c080842edb.1000x1000x1.jpg,2019-01-07
4890057,I Need This,,https://genius.com/Kurama-sd-i-need-this-lyrics,https://images.genius.com/99544deef947737ef22d095dbc159ed6.1000x1000x1.jpg,2017-11-17
6622625,Inglorious Bastard,,https://genius.com/Logic-inglorious-bastard-lyrics,https://images.genius.com/0f975524d106026e89de983689d007c4.900x900x1.jpg,None
3050781,Ink Blot (Ft. Juicy J),97523,https://genius.com/Logic-ink-blot-lyrics,https://images.genius.com/6964783fbf7f2eca0619a3bc156512dc.1000x1000x1.png,2017-05-05
2910402,In My Mind*,,https://genius.com/Logic-in-my-mind-lyrics,https://images.genius.com/0f975524d106026e89de983689d007c4.900x900x1.jpg,None
2343628,Innermission (Ft. Lucy Rose),222200,https://genius.com/Logic-innermission-lyrics,https://images.genius.com/c634aa6628c02ec206119e6b849f5a02.1000x1000x1.jpg,2015-11-11
7042850,Inside (Ft. Cynthia Erivo),13669,https://genius.com/Logic-inside-lyrics,https://images.genius.com/40b98daf12f92f25cb9df75d79ec0fed.1000x1000x1.png,2021-07-30
4366354,In The Back (Mikey Playz Diss Track) (Ft. Logic),,https://genius.com/Romanzooks-in-the-back-mikey-playz-diss-track-lyrics,https://images.genius.com/9e7f54f174130a430f22a2d191b51008.1000x563x1.jpg,2019-02-24
6922384,Intro,20464,https://genius.com/Logic-intro-lyrics,https://images.genius.com/c516592142ed5558ca9c95bb9cb51c2f.1000x1000x1.jpg,2021-06-18
6407085,Intro,,https://genius.com/Doctor-destruction-intro-lyrics,https://images.genius.com/2cbf13668848876feb314b10c90de3dd.1000x1000x1.jpg,2021-01-22
339445,Intro (Blow Your Mind),16195,https://genius.com/Logic-intro-blow-your-mind-lyrics,https://images.genius.com/646d03f37cdf5b66ef95c6ca341ba5fb.588x588x1.jpg,2009-12-24
643781,Intro (Commentary Version),,https://genius.com/Logic-intro-commentary-version-lyrics,https://images.genius.com/fe5e5a8431ac2d3831673b1f8fa6313e.1000x1000x1.jpg,2014-10-21
7042849,​introll,6037,https://genius.com/Logic-introll-lyrics,https://images.genius.com/40b98daf12f92f25cb9df75d79ec0fed.1000x1000x1.png,2021-07-30
6339988,Intro to the Crown,,https://genius.com/Silas-intro-to-the-crown-lyrics,https://images.genius.com/50c3f1ebc6421c38656f703db96a7e0f.1000x1000x1.jpg,2021-02-22
528311,Intro (Under Pressure),211611,https://genius.com/Logic-intro-under-pressure-lyrics,https://images.genius.com/0e10abfcaf58141b1b609d2c5ac04b6b.1000x1000x1.png,2014-10-21
2828000,In Tune,,https://genius.com/Silas-in-tune-lyrics,https://images.genius.com/0ee6f12c6fc7b7ce1cd636e4868e7f07.1000x1000x1.jpg,2016-07-25
4573439,Isis (Ft. Logic),1324169,https://genius.com/Joyner-lucas-isis-lyrics,https://images.genius.com/d0eb2b80d212b93b097d604c4c6af62e.680x680x1.jpg,2019-05-23
6665555,ISIS (415 Remix) (Ft. Joyner Lucas & Logic),,https://genius.com/415aye-isis-415-remix-lyrics,https://assets.genius.com/images/default_cover_image.png?1628696109,None
141886,I Want It All,17646,https://genius.com/Logic-i-want-it-all-lyrics,https://images.genius.com/0f21a1e2589d732e4a263527296e9f51.500x500x1.jpg,2010-12-17
2865302,Jack The Ripper,35644,https://genius.com/Logic-jack-the-ripper-lyrics,https://images.genius.com/0f975524d106026e89de983689d007c4.900x900x1.jpg,2017-01-15
2865299,Jack The Ripper (Mini-Freestyle),,https://genius.com/Logic-jack-the-ripper-mini-freestyle-lyrics,https://images.genius.com/0f975524d106026e89de983689d007c4.900x900x1.jpg,None
77052,Juice,62758,https://genius.com/Logic-juice-lyrics,https://images.genius.com/6118bfdbbde22320e3c6bc130e1772d3.1000x1000x1.jpg,2011-09-19
6512408,Jurassic Park (Ft. Juicy J),,https://genius.com/Logic-jurassic-park-lyrics,https://images.genius.com/0f975524d106026e89de983689d007c4.900x900x1.jpg,None
149913,Just a Man,74023,https://genius.com/Logic-just-a-man-lyrics,https://images.genius.com/da76d57af3e6ee702af91bac2a18326a.1000x1000x1.jpg,2013-05-07
73239,Just Another Day (In My Mind),66316,https://genius.com/Logic-just-another-day-in-my-mind-lyrics,https://images.genius.com/6118bfdbbde22320e3c6bc130e1772d3.1000x1000x1.jpg,2011-09-06
332594,Juveniles (Ft. Jill Scott & Logic),12141,https://genius.com/Audio-push-juveniles-lyrics,https://images.genius.com/4d40ad0cecc1bc367df744b70c1a1d81.500x500x1.jpg,2014-01-06
6024673,K-9,,https://genius.com/Elijah-kyle-k-9-lyrics,https://images.genius.com/8263ef3a7cf6a89eac4a02bcdf62fb66.900x900x1.jpg,2020-09-19
3683582,Keanu Reeves,657570,https://genius.com/Logic-keanu-reeves-lyrics,https://images.genius.com/90efd456eb701692e40a1f8b7937ea0a.1000x1000x1.jpg,2019-01-18
7089167,Khud Se Pyaar,,https://genius.com/Actuallyakshat-khud-se-pyaar-lyrics,https://www.google.com/url?sa=i&url=https://open.spotify.com/album/7IP6wwVZlIrLS5kzxKSThY&psig=AOvVaw25-qrpKF1t9AQGdyIcru9d&ust=1628606373442000&source=images&cd=vfe&ved=0CAsQjRxqFwoTCOiVmtWVpPICFQAAAAAdAAAAABAD,2021-03-08
5511451,"Kick, Push*",,https://genius.com/Logic-kick-push-lyrics,https://images.genius.com/0f975524d106026e89de983689d007c4.900x900x1.jpg,None
6333089,Killa Collab (Ft. Logic),,https://genius.com/Penwise-killa-collab-lyrics,https://images.genius.com/4e7b1bd29daf64ceb2ec49feb9fe63e5.360x360x1.jpg,2007-01-01
3050778,Killing Spree (Ft. Ansel Elgort),306092,https://genius.com/Logic-killing-spree-lyrics,https://images.genius.com/6964783fbf7f2eca0619a3bc156512dc.1000x1000x1.png,2017-05-05
3954999,KiN,,https://genius.com/Logic-kin-lyrics,https://images.genius.com/0f975524d106026e89de983689d007c4.900x900x1.jpg,2011-02-02
5524586,Lack,,https://genius.com/Logic-lack-lyrics,https://images.genius.com/c14c9a7900eddc1863b307ca831f42f0.1000x1000x1.jpg,None
211530,L.A. Lakers Freestyle,,https://genius.com/Logic-la-lakers-freestyle-lyrics,https://images.genius.com/0f975524d106026e89de983689d007c4.900x900x1.jpg,2013-06-17
182032,Lalala (Ft. Kendal),30716,https://genius.com/Logic-lalala-lyrics,https://images.genius.com/0f975524d106026e89de983689d007c4.900x900x1.jpg,None
3061115,L.A. Leakers Freestyle #2,,https://genius.com/Logic-la-leakers-freestyle-2-lyrics,https://images.genius.com/0f975524d106026e89de983689d007c4.900x900x1.jpg,2013-06-20
3976786,Last Call,69552,https://genius.com/Logic-last-call-lyrics,https://images.genius.com/167533ad40b7f1e21f676764358f8b69.1000x1000x1.png,2018-09-28
663630,Lavish (Ft. Logic & Mojo margiela),79444,https://genius.com/Just-juice-lavish-lyrics,https://images.rapgenius.com/9f373f62330125fd233705f0b6b9db8f.500x500x1.jpg,2014-12-30
3976895,Legacy,63835,https://genius.com/Logic-legacy-lyrics,https://images.genius.com/167533ad40b7f1e21f676764358f8b69.1000x1000x1.png,2018-09-28
6526965,Legacy Records,,https://genius.com/Logic-legacy-records-lyrics,https://images.genius.com/0f975524d106026e89de983689d007c4.900x900x1.jpg,None
6286112,Legendary,,https://genius.com/Raydeo-legendary-lyrics,https://images.genius.com/fa8599784ce8dbd7f1a5cc0d8b789e07.1000x1000x1.jpg,2021-01-01
3094694,Lemme Break It Down,,https://genius.com/Logic-lemme-break-it-down-lyrics,https://images.genius.com/0f975524d106026e89de983689d007c4.900x900x1.jpg,None
4422286,Lemon Drop,35600,https://genius.com/Logic-lemon-drop-lyrics,https://images.genius.com/03ff49f812de1c2f2276c9bdcf5fe3a6.638x638x1.png,2019-03-26
6778970,Let It Go,,https://genius.com/Logic-let-it-go-lyrics,https://images.genius.com/0f975524d106026e89de983689d007c4.900x900x1.jpg,None
6976438,Let Me Be,,https://genius.com/Nuel-let-me-be-lyrics,https://images.genius.com/e286a5c91462dc33cd917b7d3e43083e.1000x1000x1.jpg,2020-11-14
63082,Let Me Go (Ft. Lykke Li),226296,https://genius.com/Logic-let-me-go-lyrics,https://images.genius.com/6118bfdbbde22320e3c6bc130e1772d3.1000x1000x1.jpg,2011-09-19
3954982,Letters of Logic,,https://genius.com/Logic-letters-of-logic-lyrics,https://images.genius.com/0f975524d106026e89de983689d007c4.900x900x1.jpg,2011-03-30
3189659,Level 10,,https://genius.com/Logic-level-10-lyrics,https://images.genius.com/0c00723271f1986751b2de2c10e31f6d.1000x580x1.png,2017-08-08
6304883,Levitate,,https://genius.com/Delaine-the-main-levitate-lyrics,https://images.genius.com/4ee2a3385c197ae3aadefc2b6fc92080.1000x1000x1.jpg,2020-10-09
149362,Life Is Good,94113,https://genius.com/Logic-life-is-good-lyrics,https://images.genius.com/da76d57af3e6ee702af91bac2a18326a.1000x1000x1.jpg,2013-05-07
75813,Life of a Don,36822,https://genius.com/Logic-life-of-a-don-lyrics,https://images.genius.com/4cb73fd1e86a44f861bc4ba694c17126.1000x1000x1.jpg,2012-04-30
6316089,Light Skin Lantern 2,,https://genius.com/Delaine-the-main-light-skin-lantern-2-lyrics,https://images.genius.com/431b97152a720f27ae3d15e30a966217.1000x1000x1.jpg,2020-01-24
6743791,Lightskin Lantern 4 (Ft. Logic),,https://genius.com/Delaine-the-main-lightskin-lantern-4-lyrics,https://images.genius.com/00a84b5b70376422171795075390f0f8.1000x1000x1.jpg,2021-05-01
284715,Like Me (Ft. Casey Veggies),58050,https://genius.com/Logic-like-me-lyrics,https://images.genius.com/9ca1f1fd3170414000c99be9bbaf3413.500x500x1.jpg,2013-12-02
2327079,Like Woah,380257,https://genius.com/Logic-like-woah-lyrics,https://images.genius.com/cf4166acf4e70b35b9b74f921748fb85.600x600x1.jpg,2015-10-14
4539201,Limitless,80429,https://genius.com/Logic-limitless-lyrics,https://images.genius.com/b8bc3fc4f330e08a83f5fc20182b092f.1000x1000x1.png,2019-05-10
5833789,Link Up (Ft. Holy SmoQah QuanVilla & Kanye West),,https://genius.com/Holy-smoqah-quanvilla-feat-afrobeat-link-up-lyrics,https://assets.genius.com/images/default_cover_image.png?1628696109,None
5955190,​little bobby,,https://genius.com/Logic-little-bobby-lyrics,https://images.genius.com/87e60495d5e5d220be1b1f8465abfa63.1000x1000x1.jpg,2020-09-11
6933604,Live from the Country,,https://genius.com/Logic-live-from-the-country-lyrics,https://images.genius.com/b376f37ac3761b7467ddda5bf32d2adb.476x476x1.jpg,2021-06-21
6840171,Live From The Farm,,https://genius.com/Logic-live-from-the-farm-lyrics,https://images.genius.com/299b08d79d2c136c44ca0264ac02eff0.750x750x1.jpg,2021-05-23
59119,Live on the Air,88287,https://genius.com/Logic-live-on-the-air-lyrics,https://images.genius.com/6118bfdbbde22320e3c6bc130e1772d3.1000x1000x1.jpg,2011-09-19
5821211,LOAD IT UP (Ft. NLE Choppa),6894,https://genius.com/Juicy-j-load-it-up-lyrics,https://images.genius.com/3bcb1518263570034704e60ed31983ed.1000x1000x1.png,2020-10-09
83364,Logic 4 Leak,5122,https://genius.com/Logic-logic-4-leak-lyrics,https://images.genius.com/0f975524d106026e89de983689d007c4.900x900x1.jpg,2007-01-01
1743486,Logic Freestyle as Psychological (2009),,https://genius.com/Logic-logic-freestyle-as-psychological-2009-lyrics,https://images.genius.com/0f975524d106026e89de983689d007c4.900x900x1.jpg,None
6566150,Logic - Nikki (ترجمه‌ی فارسی),,https://genius.com/Genius-farsi-translations-logic-nikki-lyrics,https://images.genius.com/2f2aee049ddd053e5048cfbee6478e87.220x220x1.png,2014-10-29
367662,Logic On The Beat,10391,https://genius.com/Logic-logic-on-the-beat-lyrics,https://images.genius.com/646d03f37cdf5b66ef95c6ca341ba5fb.588x588x1.jpg,2009-12-24
434294,Logic Sway In The Morning Freestyle (Ft. Logic),44596,https://genius.com/Sway-in-the-morning-logic-sway-in-the-morning-freestyle-lyrics,https://images.genius.com/713595941e62e1f51a4607077de55c52.372x372x1.png,2014-05-20
2800924,"Logic talks about his ""50,000"" tagline",,https://genius.com/Logic-logic-talks-about-his-50000-tagline-annotated,https://images.genius.com/0f975524d106026e89de983689d007c4.900x900x1.jpg,None
4830662,Logic The Tank Engine (Ft. Logic),,https://genius.com/Kanskaart-logic-the-tank-engine-lyrics,https://images.genius.com/c40cd581f15ca5fe09191ca3953273b9.1000x563x1.jpg,2019-08-24
2338720,Lord Willin',264059,https://genius.com/Logic-lord-willin-lyrics,https://images.genius.com/c634aa6628c02ec206119e6b849f5a02.1000x1000x1.jpg,2015-11-13
4539231,Lost in Translation,169987,https://genius.com/Logic-lost-in-translation-lyrics,https://images.genius.com/b8bc3fc4f330e08a83f5fc20182b092f.1000x1000x1.png,2019-05-10
4943013,Louis Vuitton Briefcase,,https://genius.com/Logic-louis-vuitton-briefcase-lyrics,https://images.genius.com/c9502aab8e01173fff7e38b4ed8d394f.1000x1000x1.jpg,None
115750,Love Jones,29946,https://genius.com/Logic-love-jones-lyrics,https://images.genius.com/0f21a1e2589d732e4a263527296e9f51.500x500x1.jpg,2010-12-17
142469,Love Jones (Skit),,https://genius.com/Logic-love-jones-skit-lyrics,https://images.genius.com/0f21a1e2589d732e4a263527296e9f51.500x500x1.jpg,2010-12-17
2343638,Lucidity (Scene),21433,https://genius.com/Logic-lucidity-scene-lyrics,https://images.genius.com/c634aa6628c02ec206119e6b849f5a02.1000x1000x1.jpg,2015-11-13
728678,Lyricism,5568,https://genius.com/Logic-lyricism-lyrics,https://images.genius.com/646d03f37cdf5b66ef95c6ca341ba5fb.588x588x1.jpg,None
6867956,Mafia Music,,https://genius.com/Madgic-mafia-music-lyrics,https://images.genius.com/63ec3b41cd35e914f88cea2a4e79094e.495x492x1.png,2021-05-31
4360561,Mama / Show Love (Ft. Cordae),186199,https://genius.com/Logic-mama-show-love-lyrics,https://images.genius.com/b8bc3fc4f330e08a83f5fc20182b092f.1000x1000x1.png,2019-05-10
4902835,​man i is,141162,https://genius.com/Logic-man-i-is-lyrics,https://images.genius.com/65a95aebc48597705c2cc569cd20736e.1000x1000x1.png,2020-07-24
149366,Man of the Year,391935,https://genius.com/Logic-man-of-the-year-lyrics,https://images.genius.com/da76d57af3e6ee702af91bac2a18326a.1000x1000x1.jpg,2013-05-07
6738525,Mars Only pt. 3,7662,https://genius.com/Madgic-mars-only-pt-3-lyrics,https://images.genius.com/63ec3b41cd35e914f88cea2a4e79094e.495x492x1.png,2021-04-23
528260,Metropolis,416288,https://genius.com/Logic-metropolis-lyrics,https://images.genius.com/0e10abfcaf58141b1b609d2c5ac04b6b.1000x1000x1.png,2014-10-21
2427989,Metropolis (Commentary Version),,https://genius.com/Logic-metropolis-commentary-version-lyrics,https://images.rapgenius.com/889a7be71d011b25f8f7024d3f6a8a5f.1000x1000x1.jpg,2014-10-21
3565840,Midnight,422623,https://genius.com/Logic-midnight-lyrics,https://images.genius.com/63c66d2062279080649c26b632183df5.1000x1000x1.jpg,2018-03-09
2951909,Mind of a Maniac,,https://genius.com/Logic-mind-of-a-maniac-lyrics,https://images.genius.com/646d03f37cdf5b66ef95c6ca341ba5fb.588x588x1.jpg,2008-12-17
70377,Mind Of Logic (Ft. Camille Michelle Gray),152770,https://genius.com/Logic-mind-of-logic-lyrics,https://images.genius.com/6118bfdbbde22320e3c6bc130e1772d3.1000x1000x1.jpg,2011-07-18
73458,Mixed Feelings,46409,https://genius.com/Logic-mixed-feelings-lyrics,https://images.genius.com/6118bfdbbde22320e3c6bc130e1772d3.1000x1000x1.jpg,2011-09-19
2388816,Mode (Ft. Logic),21086,https://genius.com/Prhyme-mode-lyrics,https://images.genius.com/39076b922852cfdb5abdde7da4c5c03a.500x500x1.jpg,2015-07-24
2153474,Mode II (Ft. Logic),65216,https://genius.com/Prhyme-mode-ii-lyrics,https://images.rapgenius.com/6e0d66fe08d8829b802d9d7e28be6f77.600x600x1.jpg,2015-12-11
3050782,Mos Definitely,156194,https://genius.com/Logic-mos-definitely-lyrics,https://images.genius.com/6964783fbf7f2eca0619a3bc156512dc.1000x1000x1.png,2017-05-05
6076423,My Bitch Is White (No Type Remix),,https://genius.com/Logic-my-bitch-is-white-no-type-remix-lyrics,https://images.genius.com/0f975524d106026e89de983689d007c4.900x900x1.jpg,None
84604,My Chain,56552,https://genius.com/Logic-my-chain-lyrics,https://images.genius.com/136e97e5df4072eae2edf091c9e151ad.500x500x1.jpg,2012-08-13
6752343,My Favorite Song,,https://genius.com/Logic-my-favorite-song-lyrics,https://images.genius.com/a0afe9e30a06b993be1b2aca0bf5734a.385x383x1.png,2021-04-28
6997261,My Way,10811,https://genius.com/Logic-my-way-lyrics,https://images.genius.com/674b1b525dd5dac8379c9c064a6ac7da.1000x1000x1.jpg,2021-07-16
144097,Nasty,193296,https://genius.com/Logic-nasty-lyrics,https://images.genius.com/da76d57af3e6ee702af91bac2a18326a.1000x1000x1.jpg,2013-04-23
6030097,Never*,,https://genius.com/Logic-never-lyrics,https://images.genius.com/0f975524d106026e89de983689d007c4.900x900x1.jpg,None
2343636,Never Been,231410,https://genius.com/Logic-never-been-lyrics,https://images.genius.com/c634aa6628c02ec206119e6b849f5a02.1000x1000x1.jpg,2015-11-13
528306,Never Enough,143858,https://genius.com/Logic-never-enough-lyrics,https://images.genius.com/0e10abfcaf58141b1b609d2c5ac04b6b.1000x1000x1.png,2014-10-21
2427407,Never Enough (Commentary Version),,https://genius.com/Logic-never-enough-commentary-version-lyrics,https://images.rapgenius.com/889a7be71d011b25f8f7024d3f6a8a5f.1000x1000x1.jpg,2014-10-21
6316242,Niggas Gotta Chill,,https://genius.com/Delaine-the-main-niggas-gotta-chill-lyrics,https://images.genius.com/80802846a8999bdd6ea04394449b3b72.1000x1000x1.jpg,2019-08-23
544491,Nikki,1091247,https://genius.com/Logic-nikki-lyrics,https://images.genius.com/0e10abfcaf58141b1b609d2c5ac04b6b.1000x1000x1.png,2014-10-21
4278451,Nikki (Commentary Version),,https://genius.com/Logic-nikki-commentary-version-lyrics,https://images.genius.com/fe5e5a8431ac2d3831673b1f8fa6313e.1000x1000x1.jpg,None
73320,No Biggie,79908,https://genius.com/Logic-no-biggie-lyrics,https://images.genius.com/4cb73fd1e86a44f861bc4ba694c17126.1000x1000x1.jpg,2012-04-30
4065001,No Country for Old Man (Ft. John Lindahl),8262,https://genius.com/Logic-no-country-for-old-man-lyrics,https://images.genius.com/58d757ef26eccfb723d6a73c28bd3fd5.546x546x1.jpg,2018-11-02
4722246,No Distractions,,https://genius.com/Logic-no-distractions-lyrics,https://images.genius.com/6299c85af59bf2f675349d67fd05f890.360x360x1.jpg,None
527444,No Love In The City,,https://genius.com/Sylvan-lacue-no-love-in-the-city-lyrics,https://images.rapgenius.com/867ab0e0ece92e744eae703cb1212b39.500x500x1.jpg,2014-09-02
3196825,Noob Noob (Rick and Morty),50647,https://genius.com/Logic-noob-noob-rick-and-morty-lyrics,https://images.genius.com/4f56477a9b632bc9b3dab4dbca64815a.1000x1000x1.jpg,2017-08-13
5525751,No Pressure,183900,https://genius.com/Logic-no-pressure-lyrics,https://images.genius.com/65a95aebc48597705c2cc569cd20736e.1000x1000x1.png,2020-07-24
4796365,No Pressure Freestyle,52903,https://genius.com/Logic-no-pressure-freestyle-lyrics,https://images.genius.com/3fa5ee1a86434bf0f10b5054cb1eeb7d.1000x563x1.jpg,2019-08-19
73955,Nothing But A Hero RMX,28294,https://genius.com/Logic-nothing-but-a-hero-rmx-lyrics,https://images.genius.com/0f21a1e2589d732e4a263527296e9f51.500x500x1.jpg,2010-12-17
4866250,Not Right Now*,8888,https://genius.com/Logic-not-right-now-lyrics,https://images.genius.com/0f975524d106026e89de983689d007c4.900x900x1.jpg,None
398797,Now,184613,https://genius.com/Logic-now-lyrics,https://images.genius.com/3656652625e619d21e29bdd01b42a23d.500x500x1.jpg,2014-04-08
2427978,Now (Commentary Version),,https://genius.com/Logic-now-commentary-version-lyrics,https://images.genius.com/fe5e5a8431ac2d3831673b1f8fa6313e.1000x1000x1.jpg,2014-10-21
151035,Nowhere to Go (Ft. Logic),5074,https://genius.com/Sylvan-lacue-nowhere-to-go-lyrics,https://images.rapgenius.com/d58f3c63517ed25dfdbd3e4cf7b68369.580x580x1.jpg,2012-01-01
4943008,Nujabes Forever,,https://genius.com/Logic-nujabes-forever-lyrics,https://images.genius.com/c9502aab8e01173fff7e38b4ed8d394f.1000x1000x1.jpg,None
67630,Numbers,184872,https://genius.com/Logic-numbers-lyrics,https://images.genius.com/5d345fa7fee52d87407740867f717c32.936x936x1.jpg,2012-04-30
5780125,Obediently Yours,110384,https://genius.com/Logic-obediently-yours-lyrics,https://images.genius.com/65a95aebc48597705c2cc569cd20736e.1000x1000x1.png,2020-07-24
4965900,OCD,151156,https://genius.com/Logic-and-dwn2earth-ocd-lyrics,https://images.genius.com/51a5d9be20278645d9cd7bbb3cdff474.1000x1000x1.jpg,2019-10-25
4943012,Once upon a time in hollywood,,https://genius.com/Logic-once-upon-a-time-in-hollywood-lyrics,https://images.genius.com/c9502aab8e01173fff7e38b4ed8d394f.1000x1000x1.jpg,None
58012,One (Ft. Frank Sinatra),54983,https://genius.com/Logic-one-lyrics,https://images.genius.com/6118bfdbbde22320e3c6bc130e1772d3.1000x1000x1.jpg,2011-09-19
3853597,One Day (Ft. Ryan Tedder),153973,https://genius.com/Logic-one-day-lyrics,https://images.genius.com/318e33cce3c63b9ff10918867f4167e4.1000x1000x1.jpg,2018-07-27
6912197,One & Only* (Ft. 2Pac),,https://genius.com/Madgic-one-and-only-lyrics,https://images.genius.com/e1999ab2746c33df46f3b950ad0b28b0.700x700x1.jpg,None
372941,On Lock,5917,https://genius.com/Logic-on-lock-lyrics,https://images.genius.com/646d03f37cdf5b66ef95c6ca341ba5fb.588x588x1.jpg,None
6978711,Only Way,,https://genius.com/Nuel-only-way-lyrics,https://images.genius.com/5af72bfe1217748f0b71d6225e092a85.998x1000x1.jpg,2021-07-03
149357,On the Low (Ft. Kid Ink & Trinidad James),123493,https://genius.com/Logic-on-the-low-lyrics,https://images.genius.com/da76d57af3e6ee702af91bac2a18326a.1000x1000x1.jpg,2013-05-07
572408,Open Bar (Freestyle),,https://genius.com/Logic-open-bar-freestyle-lyrics,https://images.genius.com/0f975524d106026e89de983689d007c4.900x900x1.jpg,2014-11-07
5555612,Open Mic\\Aquarius III,156915,https://genius.com/Logic-open-mic-aquarius-iii-lyrics,https://images.genius.com/8f7d9df10fc9fe72bd747728f385e2d5.316x316x1.jpg,2020-07-24
5524588,Operator,,https://genius.com/Logic-operator-lyrics,https://images.genius.com/c14c9a7900eddc1863b307ca831f42f0.1000x1000x1.jpg,None
3976892,Ordinary Day (Ft. Hailee Steinfeld),82365,https://genius.com/Logic-ordinary-day-lyrics,https://images.genius.com/167533ad40b7f1e21f676764358f8b69.1000x1000x1.png,2018-09-28
6407116,Outer Space Gang (Ft. J Mars & Like),5140,https://genius.com/Doctor-destruction-outer-space-gang-lyrics,https://images.genius.com/3f00ee1a364ce9db9e8a65d23b3317b6.1000x1000x1.jpg,2021-01-22
4539173,Out of Sight,55539,https://genius.com/Logic-out-of-sight-lyrics,https://images.genius.com/b8bc3fc4f330e08a83f5fc20182b092f.1000x1000x1.png,2019-05-10
3552472,Overnight,259098,https://genius.com/Logic-overnight-lyrics,https://images.genius.com/ecca619555735d1ae7b55fc72ec50140.1000x1000x1.jpg,2018-02-27
6868013,Over You,,https://genius.com/Logic-over-you-lyrics,https://images.genius.com/1005474b949c186cfe4a4ddd259165fd.680x680x1.jpg,2021-05-31
6873534,Pain (Ft. Genius),,https://genius.com/Logic-pain-lyrics,https://images.genius.com/45d7931a86da58123bc812494ba2697f.221x221x1.png,2021-04-11
2343635,Paradise (Ft. Jesse Boykins III),244420,https://genius.com/Logic-paradise-lyrics,https://images.genius.com/c634aa6628c02ec206119e6b849f5a02.1000x1000x1.jpg,2015-11-13
4096100,Pardon My Ego,65644,https://genius.com/Logic-pardon-my-ego-lyrics,https://images.genius.com/87f847e7f870c75d1033b1f643ad0824.440x440x1.png,2018-05-10
5529117,Perfect,195016,https://genius.com/Logic-perfect-lyrics,https://images.genius.com/65a95aebc48597705c2cc569cd20736e.1000x1000x1.png,2020-07-24
49173,Perfect Day (Ft. Chink Santana & Logic),5585,https://genius.com/Jim-jones-perfect-day-lyrics,https://images.genius.com/de51b0499991bc8febf098c391d82a66.400x400x1.png,2010-12-07
4902828,Perfect (Demo),21991,https://genius.com/Logic-perfect-demo-lyrics,https://images.genius.com/0f975524d106026e89de983689d007c4.900x900x1.jpg,None
5859821,Perfect Remix,,https://genius.com/T0nymusic-perfect-remix-lyrics,https://images.genius.com/0cb0d2534f54117d214875ad0d7f0db0.500x500x1.jpg,2020-08-12
6023780,Perfect (Remix) (Ft. A$AP Ferg & Lil Wayne),,https://genius.com/Logic-perfect-remix-lyrics,https://images.genius.com/0f975524d106026e89de983689d007c4.900x900x1.jpg,2020-11-12
6517091,Perfect (Unofficial Remix) (Ft. Caden Swanigan),,https://genius.com/Logic-perfect-unofficial-remix-lyrics,https://images.genius.com/0f975524d106026e89de983689d007c4.900x900x1.jpg,2021-02-20
6429838,Piece of Mind,,https://genius.com/Dxv-cro-piece-of-mind-lyrics,https://images.genius.com/37c446a208ae13251f2ea7df61eeb3be.1000x1000x1.png,2021-01-30
3927878,Piston,,https://genius.com/Logic-piston-lyrics,https://images.genius.com/0f975524d106026e89de983689d007c4.900x900x1.jpg,2014-10-21
6407108,Planetory Destruction (Ft. Big Lenbo),10937,https://genius.com/Doctor-destruction-planetory-destruction-lyrics,https://images.genius.com/2cbf13668848876feb314b10c90de3dd.1000x1000x1.jpg,2021-01-22
3908756,Playinwitme (Remix) (Ft. Kehlani & Logic),17731,https://genius.com/Kyle-playinwitme-remix-lyrics,https://images.genius.com/efb8daf9985f13eef4e5efc95cfed09c.500x500x1.jpg,2018-08-20
5762182,Play with Fire (Vada Mix),,https://genius.com/Hilary-duff-play-with-fire-vada-mix-lyrics,https://images.genius.com/abcf2478ec9612ce61e589fe8e06a95c.359x359x1.jpg,2007-04-03
5718482,Poop Gang Anthem (Ft. Logic),,https://genius.com/K-noodz-poop-gang-anthem-lyrics,https://images.genius.com/4a7e548a30ee5f3e7c4c60a7b861089f.475x475x1.jpg,2019-12-02
6397836,Power*,,https://genius.com/Logic-power-lyrics,https://images.genius.com/0f975524d106026e89de983689d007c4.900x900x1.jpg,None
625185,Power 106 Freestyle (October 2014),,https://genius.com/Logic-power-106-freestyle-october-2014-lyrics,https://images.genius.com/0f975524d106026e89de983689d007c4.900x900x1.jpg,None
6435882,Powerless,,https://genius.com/Logic-powerless-lyrics,https://images.genius.com/0f975524d106026e89de983689d007c4.900x900x1.jpg,None
3608789,Pray (Remix) (Ft. Logic),383767,https://genius.com/Sam-smith-pray-remix-lyrics,https://images.genius.com/2ebbb8adbe06ae384bf56e3f384aa512.1000x1000x1.jpg,2018-03-29
3774137,Pretty Young Girl,73456,https://genius.com/Logic-pretty-young-girl-lyrics,https://images.genius.com/03ff49f812de1c2f2276c9bdcf5fe3a6.638x638x1.png,2019-03-26
4510383,Pretty Young Girl  [Live ],,https://genius.com/Logic-pretty-young-girl-live-lyrics,https://images.genius.com/0f975524d106026e89de983689d007c4.900x900x1.jpg,2018-06-15
64049,Prime,36751,https://genius.com/Logic-prime-lyrics,https://images.genius.com/6118bfdbbde22320e3c6bc130e1772d3.1000x1000x1.jpg,2011-09-19
3138214,"Protect Your Neck (Remix) (Ft. B.Keyz, Demrick, Jay Lonzo & Just Juice)",,https://genius.com/Big-lenbo-protect-your-neck-remix-lyrics,https://images.genius.com/dbf73edbadc5c3903a67cc2e57169186.680x680x1.jpg,2017-06-30
5962354,Protégé,,https://genius.com/Prodigal-918-protege-lyrics,https://images.genius.com/57fe53619af01fd516273685427c8a7f.800x800x1.jpg,2020-09-12
5524757,PTSD (Ft. Logic),,https://genius.com/Silas-ptsd-lyrics,https://assets.genius.com/images/default_cover_image.png?1628696109,None
6836581,Raddest Dad,,https://genius.com/Madgic-raddest-dad-lyrics,https://images.genius.com/14fa9bdc72e56796f332b6111358e799.680x680x1.jpg,2021-05-21
149374,Randolph Returns (Skit),12891,https://genius.com/Logic-randolph-returns-skit-lyrics,https://images.genius.com/da76d57af3e6ee702af91bac2a18326a.1000x1000x1.jpg,2013-05-07
4485674,Rang Gelated,,https://genius.com/No-name-is-here-rang-gelated-lyrics,https://images.genius.com/6ad3e45cccd12c017034cb32ef3df4f2.220x220x1.jpg,2019-04-18
3587934,RapCaviar 3/16/18 (Ft. Logic),,https://genius.com/Spotify-rapcaviar-3-16-18-lyrics,https://images.genius.com/148b08bd37574efbe981d3e1132d23de.300x300x1.jpg,2018-03-16
73811,RapMan,52997,https://genius.com/Logic-rapman-lyrics,https://images.genius.com/e6744a178f530c0835d68f3448da31bd.476x228x1.jpg,2011-08-18
6779327,Ready Player,,https://genius.com/Logic-ready-player-lyrics,https://images.genius.com/0f975524d106026e89de983689d007c4.900x900x1.jpg,None
4915510,Ready Player One,,https://genius.com/Logic-ready-player-one-lyrics,https://images.genius.com/0f975524d106026e89de983689d007c4.900x900x1.jpg,None
5397507,Ready Player Two,,https://genius.com/Logic-ready-player-two-lyrics,https://images.genius.com/0f975524d106026e89de983689d007c4.900x900x1.jpg,None
554992,Real Late Freestyle,,https://genius.com/Logic-real-late-freestyle-lyrics,https://images.genius.com/0f975524d106026e89de983689d007c4.900x900x1.jpg,2014-10-22
72915,Relaxation,129411,https://genius.com/Logic-relaxation-lyrics,https://images.genius.com/4cb73fd1e86a44f861bc4ba694c17126.1000x1000x1.jpg,2012-04-30
5526271,Right Now,,https://genius.com/Logic-right-now-lyrics,https://images.genius.com/0f975524d106026e89de983689d007c4.900x900x1.jpg,None
141145,Roll Call,190031,https://genius.com/Logic-roll-call-lyrics,https://images.genius.com/0d26b491e66569d427764f0c4d36b2dd.604x604x1.jpg,2013-05-07
2885439,Rubiks Cube Freestyle,,https://genius.com/Logic-rubiks-cube-freestyle-lyrics,https://images.genius.com/0f975524d106026e89de983689d007c4.900x900x1.jpg,2015-11-19
3147929,Run (Ft. Logic & Ripsy May),,https://genius.com/Ana-tole-den-run-annotated,https://images.genius.com/d00d4b983606f626c4b2f39b11733fdb.640x640x1.jpg,2017-06-23
2343637,Run It,315973,https://genius.com/Logic-run-it-lyrics,https://images.genius.com/c634aa6628c02ec206119e6b849f5a02.1000x1000x1.jpg,2015-11-13
6910489,Run It Up!,,https://genius.com/Silvic-run-it-up-lyrics,https://images.genius.com/5c99e72a7f6591f23e92d7fd6934885f.544x544x1.jpg,2021-06-09
149382,"Saturday (Skit) (Ft. John ""Pops"" Witherspoon)",19623,https://genius.com/Logic-saturday-skit-lyrics,https://images.genius.com/da76d57af3e6ee702af91bac2a18326a.1000x1000x1.jpg,2013-05-07
97057,Scenario,23970,https://genius.com/Logic-scenario-lyrics,https://images.genius.com/0f21a1e2589d732e4a263527296e9f51.500x500x1.jpg,2010-12-17
6466220,Scrambled Freestyle,,https://genius.com/Logic-scrambled-freestyle-lyrics,https://images.genius.com/0f975524d106026e89de983689d007c4.900x900x1.jpg,2020-01-15
3549084,Screwed Up,,https://genius.com/Logic-screwed-up-lyrics,https://images.genius.com/646d03f37cdf5b66ef95c6ca341ba5fb.588x588x1.jpg,2009-01-01
5526068,See You Space Cowboy...,21797,https://genius.com/Logic-see-you-space-cowboy-lyrics,https://images.genius.com/40b98daf12f92f25cb9df75d79ec0fed.1000x1000x1.png,2021-07-30
5998824,Self Esteem,,https://genius.com/Logic-self-esteem-lyrics,https://images.genius.com/0f975524d106026e89de983689d007c4.900x900x1.jpg,2020-01-01
61702,Sellin' Drugs,19552,https://genius.com/Logic-sellin-drugs-lyrics,https://images.genius.com/0f21a1e2589d732e4a263527296e9f51.500x500x1.jpg,2010-12-17
64342,Sell Out Records (Skit),35900,https://genius.com/Logic-sell-out-records-skit-lyrics,https://images.genius.com/6118bfdbbde22320e3c6bc130e1772d3.1000x1000x1.jpg,2011-09-19
74705,Set the Tone,84809,https://genius.com/Logic-set-the-tone-lyrics,https://images.genius.com/4cb73fd1e86a44f861bc4ba694c17126.1000x1000x1.jpg,2012-04-30
431279,Shade 45 Freestyle,8969,https://genius.com/Logic-shade-45-freestyle-lyrics,https://images.genius.com/0f975524d106026e89de983689d007c4.900x900x1.jpg,2014-05-16
5821210,SHAWTY BAD (Ft. Logic),6082,https://genius.com/Juicy-j-shawty-bad-lyrics,https://images.genius.com/583cdd9ca3f8127d0f254ebfa4fdc765.1000x1000x1.png,2020-11-27
62168,Shine On,75762,https://genius.com/Logic-shine-on-lyrics,https://images.genius.com/6118bfdbbde22320e3c6bc130e1772d3.1000x1000x1.jpg,2011-09-19
5978112,Sincerely Yours (Freestyle),,https://genius.com/John-anthony-sincerely-yours-freestyle-lyrics,https://images.genius.com/d90f9d9361ac50ff024d6a093c253ca5.1000x1000x1.jpg,2020-09-19
4752850,SINNER,,https://genius.com/Ag-and-jayyd-sinner-lyrics,https://assets.genius.com/images/default_cover_image.png?1628696109,2019-07-04
698060,Skyscraper (Ft. King Chip & Logic),8047,https://genius.com/Demrick-and-cali-cleve-skyscraper-lyrics,https://images.genius.com/5dc76bb4691fd77aeb85b344dfd310ef.1000x1000x1.jpg,2015-02-04
2771234,Slave,153395,https://genius.com/Logic-slave-lyrics,https://images.genius.com/dc5faf8d31ffb2229e5eb76a51cf7947.1000x1000x1.jpg,2016-07-01
2797965,Slave II,262962,https://genius.com/Logic-slave-ii-lyrics,https://images.genius.com/dc5faf8d31ffb2229e5eb76a51cf7947.1000x1000x1.jpg,2016-07-01
3270486,Sometimes (Ft. Logic),58590,https://genius.com/Snoh-aalegra-sometimes-lyrics,https://images.genius.com/3d5e91b4470dfc9f7947364c15b92ae3.1000x1000x1.jpg,2017-10-16
528770,Soul Assasains Radio Freestyle,,https://genius.com/Logic-soul-assasains-radio-freestyle-lyrics,https://images.genius.com/0f975524d106026e89de983689d007c4.900x900x1.jpg,2014-09-30
528266,Soul Food,565558,https://genius.com/Logic-soul-food-lyrics,https://images.genius.com/0e10abfcaf58141b1b609d2c5ac04b6b.1000x1000x1.png,2014-10-21
2427302,Soul Food (Commentary Version),,https://genius.com/Logic-soul-food-commentary-version-lyrics,https://images.genius.com/fe5e5a8431ac2d3831673b1f8fa6313e.1000x1000x1.jpg,2014-10-21
5526420,Soul Food II,179324,https://genius.com/Logic-soul-food-ii-lyrics,https://images.genius.com/65a95aebc48597705c2cc569cd20736e.1000x1000x1.png,2020-07-24
6992696,Space Case,,https://genius.com/Logic-space-case-lyrics,https://images.genius.com/0f975524d106026e89de983689d007c4.900x900x1.jpg,None
6144810,Spiral Freestyle,,https://genius.com/Kaelar-spiral-freestyle-lyrics,https://images.genius.com/f4352a125fc62e969c2a14a281e40fa8.993x1000x1.jpg,2020-11-07
2880887,Sriracha (Ft. Joyner Lucas & Logic),343293,https://genius.com/Tech-n9ne-sriracha-lyrics,https://images.genius.com/dac1cf83fc6c83ed086fa8adde3a8bc2.1000x1000x1.jpg,2016-10-13
133652,Stain in the Game,26186,https://genius.com/Logic-stain-in-the-game-lyrics,https://images.genius.com/0f21a1e2589d732e4a263527296e9f51.500x500x1.jpg,2010-09-19
2343632,Stainless (Ft. Dria),439712,https://genius.com/Logic-stainless-lyrics,https://images.genius.com/c634aa6628c02ec206119e6b849f5a02.1000x1000x1.jpg,2015-11-13
3712357,Start Again (Ft. Logic),209065,https://genius.com/Onerepublic-start-again-lyrics,https://images.genius.com/27e868d9647f022ed4a1f2dfe34922a6.1000x1000x1.jpg,2018-05-16
6160292,Started from the Bottom (Remix)*,,https://genius.com/Logic-started-from-the-bottom-remix-lyrics,https://images.genius.com/0f975524d106026e89de983689d007c4.900x900x1.jpg,None
3565843,State of Emergency (Ft. 2 Chainz),121566,https://genius.com/Logic-state-of-emergency-lyrics,https://images.genius.com/63c66d2062279080649c26b632183df5.1000x1000x1.jpg,2018-03-09
6160204,State of Mind*,,https://genius.com/Logic-state-of-mind-lyrics,https://images.genius.com/0f975524d106026e89de983689d007c4.900x900x1.jpg,None
96275,Steps Back Radio Freestyle (Ft. Mikkey Halsted),,https://genius.com/Logic-steps-back-radio-freestyle-lyrics,https://images.genius.com/0f975524d106026e89de983689d007c4.900x900x1.jpg,2012-09-28
56302,Stewie Griffin,39000,https://genius.com/Logic-stewie-griffin-lyrics,https://images.genius.com/6118bfdbbde22320e3c6bc130e1772d3.1000x1000x1.jpg,2011-09-19
4483125,Still Ballin (Ft. Wiz Khalifa),158425,https://genius.com/Logic-still-ballin-lyrics,https://images.genius.com/b8bc3fc4f330e08a83f5fc20182b092f.1000x1000x1.png,2019-05-10
5969234,​stimuclate,,https://genius.com/Logic-stimuclate-lyrics,https://images.genius.com/87e60495d5e5d220be1b1f8465abfa63.1000x1000x1.jpg,2020-09-11
3138217,Strange Days,,https://genius.com/Big-lenbo-strange-days-lyrics,https://images.genius.com/af3994f55eb4ec3649c7176d3dcbddc8.1000x1000x1.jpg,2017-07-03
106824,Street Dreams,18888,https://genius.com/Logic-street-dreams-lyrics,https://images.genius.com/fb81ff76ccd331256019908ca8459869.445x445x1.png,2011-08-28
3976911,Street Dreams II,61213,https://genius.com/Logic-street-dreams-ii-lyrics,https://images.genius.com/167533ad40b7f1e21f676764358f8b69.1000x1000x1.png,2018-09-28
2797976,Studio Ambience at Night: Malibu,66525,https://genius.com/Logic-studio-ambience-at-night-malibu-lyrics,https://images.genius.com/dc5faf8d31ffb2229e5eb76a51cf7947.1000x1000x1.jpg,2016-07-01
7042851,Stupid Skit,,https://genius.com/Logic-stupid-skit-lyrics,https://images.genius.com/40b98daf12f92f25cb9df75d79ec0fed.1000x1000x1.png,2021-07-30
2554106,Sucker for Pain (Ft. X Ambassadors),1379579,https://genius.com/Lil-wayne-wiz-khalifa-imagine-dragons-logic-and-ty-dolla-sign-sucker-for-pain-lyrics,https://images.genius.com/042ecff144b6896bd45ce8dc7cc4cd4a.1000x1000x1.jpg,2016-06-23
6779397,Summer Love,,https://genius.com/Logic-summer-love-lyrics,https://images.genius.com/0f975524d106026e89de983689d007c4.900x900x1.jpg,None
4943009,Sunflower,,https://genius.com/Logic-sunflower-lyrics,https://images.genius.com/c9502aab8e01173fff7e38b4ed8d394f.1000x1000x1.jpg,None
2862192,Sunny in the Booth (Skit),,https://genius.com/Logic-sunny-in-the-booth-skit-lyrics,https://images.genius.com/0f21a1e2589d732e4a263527296e9f51.500x500x1.jpg,2010-12-17
5524587,Suntory Murray,,https://genius.com/Logic-suntory-murray-lyrics,https://images.genius.com/c14c9a7900eddc1863b307ca831f42f0.1000x1000x1.jpg,None
6779419,Super Bobby Boy*,,https://genius.com/Logic-super-bobby-boy-lyrics,https://images.genius.com/0f975524d106026e89de983689d007c4.900x900x1.jpg,None
2797973,Super Mario World,351651,https://genius.com/Logic-super-mario-world-lyrics,https://images.genius.com/4ec6f810f8aca1082e49d07f304f6dc1.1000x1000x1.jpg,2016-07-01
6781360,Super Mario World (MadeinTYO Remix),,https://genius.com/Logic-super-mario-world-madeintyo-remix-lyrics,https://images.genius.com/0f975524d106026e89de983689d007c4.900x900x1.jpg,None
6779437,Super Mario World (Tour Version),,https://genius.com/Logic-super-mario-world-tour-version-lyrics,https://images.genius.com/0f975524d106026e89de983689d007c4.900x900x1.jpg,None
4408687,Supermarket,39726,https://genius.com/Logic-supermarket-lyrics,https://images.genius.com/03ff49f812de1c2f2276c9bdcf5fe3a6.638x638x1.png,2019-03-26
4943011,Supreme (Ft. Silas),,https://genius.com/Logic-supreme-lyrics,https://images.genius.com/c9502aab8e01173fff7e38b4ed8d394f.1000x1000x1.jpg,None
551117,Sway In the Morning Freestyle (October 2014),,https://genius.com/Logic-sway-in-the-morning-freestyle-october-2014-lyrics,https://images.genius.com/0f975524d106026e89de983689d007c4.900x900x1.jpg,2014-10-23
3050773,Take It Back,395938,https://genius.com/Logic-take-it-back-lyrics,https://images.genius.com/71bb135049fd2d5eec6551c744189c09.1000x1000x1.jpg,2017-05-05
107513,Take It Slow (Ft. Raheem DeVaughn),28373,https://genius.com/Logic-take-it-slow-lyrics,https://images.genius.com/6118bfdbbde22320e3c6bc130e1772d3.1000x1000x1.jpg,2011-09-19
6046298,Takeout (Ft. YG),,https://genius.com/Logic-takeout-lyrics,https://images.genius.com/0f975524d106026e89de983689d007c4.900x900x1.jpg,None
6801081,Take Walks Daily,,https://genius.com/Logic-take-walks-daily-lyrics,https://images.genius.com/66810666ae98596150ce3fdb20f2d017.640x629x1.png,2021-05-11
5334787,Take What's Ours (Ft. Aaron Williams (UK) & Logic),,https://genius.com/Boldy-james-take-whats-ours-lyrics,https://images.genius.com/f4e62e3a94855fb08b00d8bc0fb319ef.500x500x1.jpg,2012-03-08
6773947,​taxi cab,,https://genius.com/Logic-taxi-cab-lyrics,https://images.genius.com/f73f7ee004858da0d743cb9d74f4f830.715x715x1.png,2021-05-03
5957451,Thankful For (Freestyle),,https://genius.com/Talent-thankful-for-freestyle-lyrics,https://mail.google.com/mail/u/0?ui=2&ik=da6743bdc7&attid=0.1&permmsgid=msg-a:r6197888975473335993&th=1748343e95840da3&view=att&disp=inline&realattid=f_kezx1x9x0,2020-09-12
3976867,Thank You (Ft. Lucy Rose),57957,https://genius.com/Logic-thank-you-lyrics,https://images.genius.com/167533ad40b7f1e21f676764358f8b69.1000x1000x1.png,2018-09-28
6393776,That’$ crazy,,https://genius.com/Logic-that-crazy-annotated,https://images.genius.com/0f975524d106026e89de983689d007c4.900x900x1.jpg,2021-01-06
6976514,The 0'6 Family,,https://genius.com/Nuel-the-06-family-lyrics,https://images.genius.com/4f4c80471d493ed6746c27e726ff2593.1000x1000x1.jpg,2020-12-18
3976887,"The Adventures of Stoney Bob (Ft. Big Lenbo, Kajo & Slaydro)",58883,https://genius.com/Logic-the-adventures-of-stoney-bob-lyrics,https://images.genius.com/167533ad40b7f1e21f676764358f8b69.1000x1000x1.png,2018-09-28
136633,The Come Up,92784,https://genius.com/Logic-the-come-up-lyrics,https://images.genius.com/da76d57af3e6ee702af91bac2a18326a.1000x1000x1.jpg,2013-05-07
2343629,The Cube (Scene),25655,https://genius.com/Logic-the-cube-scene-lyrics,https://images.genius.com/c634aa6628c02ec206119e6b849f5a02.1000x1000x1.jpg,2015-11-13
72375,The Dream (Ft. Kayla Taitz),36574,https://genius.com/Logic-the-dream-lyrics,https://images.genius.com/1e70afcfffd67507a75d4944ae7cad44.700x700x1.jpg,2011-12-04
149370,The End,51400,https://genius.com/Logic-the-end-lyrics,https://images.genius.com/da76d57af3e6ee702af91bac2a18326a.1000x1000x1.jpg,2013-05-07
7078957,The Feeling,,https://genius.com/Logic-the-feeling-lyrics,https://images.genius.com/10c561b52c8f0c242f1a5bbb6aa21dab.999x999x1.png,2021-08-06
3351844,The Feeling (Ft. Logic),12724,https://genius.com/John-lindahl-the-feeling-lyrics,https://images.genius.com/e17900af453bf712f6910302e761d2a2.768x766x1.png,2017-12-06
3690641,"The Gauntlet (2009) (Ft. J-Artz, Redlineres & Steph)",,https://genius.com/Logic-the-gauntlet-2009-lyrics,https://images.genius.com/0f975524d106026e89de983689d007c4.900x900x1.jpg,None
3976870,The Glorious Five,91441,https://genius.com/Logic-the-glorious-five-lyrics,https://images.genius.com/167533ad40b7f1e21f676764358f8b69.1000x1000x1.png,2018-09-28
149932,The High Life (Ft. Elijah Blake),140767,https://genius.com/Logic-the-high-life-lyrics,https://images.genius.com/da76d57af3e6ee702af91bac2a18326a.1000x1000x1.jpg,2013-05-07
2343640,The Incredible True Story,266482,https://genius.com/Logic-the-incredible-true-story-lyrics,https://images.genius.com/c634aa6628c02ec206119e6b849f5a02.1000x1000x1.jpg,2015-11-13
2300278,"The Incredible True Story (Trailer) (Ft. Anna Elyse, Kevin Randolph & Steve Blum)",14817,https://genius.com/Logic-the-incredible-true-story-trailer-lyrics,https://images.rapgenius.com/8887bc63278ddb0650df63f2752656d3.1000x500x1.jpg,2015-09-08
2798016,The Jam,170023,https://genius.com/Logic-the-jam-lyrics,https://images.genius.com/dc5faf8d31ffb2229e5eb76a51cf7947.1000x1000x1.jpg,2016-07-01
5485857,The Man,,https://genius.com/Silas-the-man-lyrics,https://images.genius.com/87e8a628ba9fe6676109d7bc8f2c5f43.1000x1000x1.jpg,2020-04-22
7042852,Theme for the People,10864,https://genius.com/Logic-theme-for-the-people-lyrics,https://images.genius.com/40b98daf12f92f25cb9df75d79ec0fed.1000x1000x1.png,2021-07-30
2285775,The Opening,,https://genius.com/Logic-the-opening-lyrics,https://images.genius.com/0f975524d106026e89de983689d007c4.900x900x1.jpg,None
6192873,THE PASSIONATE,,https://genius.com/Armani-jordan-the-passionate-lyrics,https://images.genius.com/2e40b2cac5de926427b1a6aafc0599c1.368x368x1.jpg,None
3203245,The Realest,12804,https://genius.com/Logic-the-realest-lyrics,https://images.genius.com/0f975524d106026e89de983689d007c4.900x900x1.jpg,2018-08-04
5019236,There They Go*,,https://genius.com/Logic-there-they-go-lyrics,https://images.genius.com/0f975524d106026e89de983689d007c4.900x900x1.jpg,None
3915348,The Return,225065,https://genius.com/Logic-the-return-lyrics,https://images.genius.com/afaaaacff0bfec5e4358f4835209cff5.1000x1000x1.jpg,2018-08-24
4661885,These Days (Ft. Logic),48926,https://genius.com/Silas-these-days-lyrics,https://images.genius.com/8132742b09ddb9143de10af7ef2c4ef5.1000x1000x1.jpg,2019-07-15
66838,The Spotlight,175522,https://genius.com/Logic-the-spotlight-lyrics,https://images.genius.com/c7a4f9ef779837d10e3e18e4300b02c3.500x500x1.jpg,2012-02-21
3259579,The UK Feelin' (Ft. Brial),,https://genius.com/Logic-the-uk-feelin-lyrics,https://images.genius.com/0f975524d106026e89de983689d007c4.900x900x1.jpg,2008-01-01
485943,The Vibe (The City) (Ft. Logic),,https://genius.com/Ade-the-vibe-the-city-lyrics,https://images.rapgenius.com/7a4797729b7c16fbdf09bf1771de0dfb.1000x667x1.jpg,None
149653,ThirstMail (Skit),6692,https://genius.com/Logic-thirstmail-skit-lyrics,https://images.genius.com/4cb73fd1e86a44f861bc4ba694c17126.1000x1000x1.jpg,2012-04-30
71680,Tic Tac Toe,141953,https://genius.com/Logic-tic-tac-toe-lyrics,https://images.genius.com/6bcf68d3493ecd7b2e32376239382fc4.500x500x1.jpg,2012-04-17
6778969,Till I Die,,https://genius.com/Logic-till-i-die-lyrics,https://images.genius.com/0f975524d106026e89de983689d007c4.900x900x1.jpg,None
528258,Till the End,432896,https://genius.com/Logic-till-the-end-lyrics,https://images.genius.com/0e10abfcaf58141b1b609d2c5ac04b6b.1000x1000x1.png,2014-10-21
4278453,Till the End (Commentary),,https://genius.com/Logic-till-the-end-commentary-lyrics,https://images.genius.com/fe5e5a8431ac2d3831673b1f8fa6313e.1000x1000x1.jpg,2014-12-09
3549083,Time I Give,,https://genius.com/Logic-time-i-give-lyrics,https://images.genius.com/646d03f37cdf5b66ef95c6ca341ba5fb.588x588x1.jpg,2009-01-01
4422282,Time Machine,32841,https://genius.com/Logic-time-machine-lyrics,https://images.genius.com/03ff49f812de1c2f2276c9bdcf5fe3a6.638x638x1.png,2019-03-26
4836093,TimTom vs TheAMaazing Rap Battle,,https://genius.com/Timtom-and-theamaazing-timtom-vs-theamaazing-rap-battle-lyrics,https://images.genius.com/75724bdbc67cea615d8757d23a4cbe44.500x500x1.jpg,2017-06-11
146571,Tim Westwood Freestyle,24887,https://genius.com/Logic-tim-westwood-freestyle-lyrics,https://images.genius.com/0f975524d106026e89de983689d007c4.900x900x1.jpg,2013-04-19
6682851,Tired In Malibu,,https://genius.com/Logic-tired-in-malibu-lyrics,https://images.genius.com/9cb7ab59c8d1d8c78220366b0be7e51e.680x680x1.jpg,2021-04-07
560083,Toca Tuesday Freestyle #2,,https://genius.com/Logic-toca-tuesday-freestyle-2-lyrics,https://images.genius.com/75015dced369b44014c82f5735b27e63.846x539x1.png,2014-10-28
439723,Toca Tuesdays Freestyle,,https://genius.com/Logic-toca-tuesdays-freestyle-lyrics,https://images.genius.com/2790b17b99f5f64e0b1d9d4e5262fcc6.720x720x1.jpg,2014-05-27
6030595,Tokyo Nights (Ft. Like),8654,https://genius.com/Logic-tokyo-nights-lyrics,https://images.genius.com/915d98ed66d0af1522c1d7eff110e83b.1000x1000x1.jpg,2021-06-25
4736419,Tony,,https://genius.com/Hall-jr-2026-music-group-tony-lyrics,https://images.genius.com/d46a685c97cf1deaaa526820b7b91fc8.1000x1000x1.jpg,2019-07-17
713925,Top Ten (Ft. Big K.R.I.T.),85459,https://genius.com/Logic-top-ten-lyrics,https://images.rapgenius.com/9e2ee381460474e9238caf5738b55923.500x500x1.jpg,2015-02-27
1790912,Transmission (Ft. Logic & X Ambassadors),32454,https://genius.com/Zedd-transmission-lyrics,https://images.genius.com/03d4674b171f85b8e89319017a0a00a7.992x992x1.png,2015-05-19
5532290,Treehouse,,https://genius.com/Logic-treehouse-lyrics,https://images.genius.com/0f975524d106026e89de983689d007c4.900x900x1.jpg,None
2399096,Tree Of Life (Ft. Killer Mike & Slug),33703,https://genius.com/Logic-tree-of-life-lyrics,https://images.rapgenius.com/c8fdc07acfb217be21b8943d224abeb4.562x554x1.png,2015-12-30
4820473,Triple 6 Freestyle,,https://genius.com/Logic-triple-6-freestyle-lyrics,https://images.genius.com/0f975524d106026e89de983689d007c4.900x900x1.jpg,None
1917881,Tryna' Tryna' (Ft. Logic),51040,https://genius.com/Lil-durk-tryna-tryna-lyrics,https://images.rapgenius.com/a26799d4cb5eaacdab4439eccdf983dd.1000x1000x1.jpg,2015-05-25
4859885,"Twisted (Ft. A$AP Rocky, Juicy J & Logic)",93359,https://genius.com/French-montana-twisted-lyrics,https://images.genius.com/b93eb6afa3d11399e8d46bc513d16a83.600x600x1.jpg,2019-10-11
220354,Two Kings (Ft. King Chip),53455,https://genius.com/Logic-two-kings-lyrics,https://images.genius.com/e6426f1597db3a468b6ed91caedb4cba.500x500x1.jpg,2013-09-18
6674414,Ultra 85 (Ft. John Lindahl),,https://genius.com/Logic-ultra-85-lyrics,https://images.genius.com/0f975524d106026e89de983689d007c4.900x900x1.jpg,None
5810298,Ultra Violent (Ft. Dan Gaudet),,https://genius.com/Logic-and-dan-gaudet-ultra-violent-lyrics,https://assets.genius.com/images/default_cover_image.png?1628696109,2020-10-15
4940196,Ultra Violent,13934,https://genius.com/Logic-ultra-violent-lyrics,https://images.genius.com/c9502aab8e01173fff7e38b4ed8d394f.1000x1000x1.jpg,2019-10-12
4943312,Ultra Violent (Ft. Logic),,https://genius.com/Amillz-ultra-violent-lyrics,https://images.genius.com/b94398847b6005c2c10e9960464407a6.1000x1000x1.jpg,2019-10-14
4949039,Ultra Violent (Ft. Logic),,https://genius.com/The-wordshipper-ultra-violent-lyrics,https://images.genius.com/b24628bbb26fbf9cd9523738598f52d5.1000x1000x1.jpg,2019-10-16
5031437,Ultra Violent (Ft. Logic),,https://genius.com/Blvckrose-virgo-ultra-violent-lyrics,https://assets.genius.com/images/default_cover_image.png?1628696109,2019-10-14
5266908,Ultra Violent,,https://genius.com/Qubik-ultra-violent-lyrics,https://images.genius.com/165c36eda3f8eafdcb47f267f2cd54e9.85x85x1.jpg,2019-12-06
5920878,Ultra Violent,,https://genius.com/Ekoh-ultra-violent-lyrics,https://images.genius.com/8aeb411d2439767ab3d14f029065c936.468x221x1.png,2019-10-16
5398639,Ultra Violent - Freestyle,,https://genius.com/J-lamar-ultra-violent-freestyle-lyrics,https://assets.genius.com/images/default_cover_image.png?1628696109,2020-03-27
4942104,Ultra Violent Remix,,https://genius.com/Tm298-ultra-violent-remix-lyrics,https://images.genius.com/e901590de9f5883f0c920d5229874677.1000x1000x1.jpg,2019-10-15
6115796,Ultra Violent (Remix),,https://genius.com/King-blitz-ultra-violent-remix-lyrics,https://images.genius.com/c14c9a7900eddc1863b307ca831f42f0.1000x1000x1.jpg,2019-10-16
5769439,Ultra Violent Remix (ft. Logic),,https://genius.com/Flexify-ultra-violent-remix-ft-logic-lyrics,https://images.genius.com/2730b9bd04f5dfb972a2109fed017d52.1000x1000x1.png,2020-07-15
4854484,Ultra Violet (Ft. Logic),,https://genius.com/Daquanboi-ultra-violet-lyrics,https://images.genius.com/3a8e13742848f18da71b5d67c0b34688.427x427x1.jpg,None
519316,Under Pressure,1285744,https://genius.com/Logic-under-pressure-lyrics,https://images.genius.com/4b8fe7592a27a2bf7833d407fec5ae3a.1000x1000x1.png,2014-09-16
4278452,Under Pressure (Commentary),,https://genius.com/Logic-under-pressure-commentary-lyrics,https://images.genius.com/fe5e5a8431ac2d3831673b1f8fa6313e.1000x1000x1.jpg,None
5777284,Unreleased Songs [Discography List] (Ft. Genius Lists),,https://genius.com/Logic-unreleased-songs-discography-list-annotated,https://images.genius.com/0f975524d106026e89de983689d007c4.900x900x1.jpg,None
7042854,​untitled,12315,https://genius.com/Logic-untitled-lyrics,https://images.genius.com/40b98daf12f92f25cb9df75d79ec0fed.1000x1000x1.png,2021-07-30
206896,Untouchable (Ft. Kirk Knight & Logic),60240,https://genius.com/Dizzy-wright-untouchable-lyrics,https://images.genius.com/ea09a998a1233213167254830c7376ec.500x500x1.jpg,2013-08-19
2343416,Upgrade,217260,https://genius.com/Logic-upgrade-lyrics,https://images.genius.com/c634aa6628c02ec206119e6b849f5a02.1000x1000x1.jpg,2015-11-13
5126006,URBANIST SESSIONS #023 - USSOBI,,https://genius.com/Ussobi-urbanist-sessions-023-ussobi-lyrics,https://images.genius.com/6d5ed0c49886ea898536ac864dc90323.1000x1000x1.jpg,2019-11-12
73038,Used to Hate It,64575,https://genius.com/Logic-used-to-hate-it-lyrics,https://images.genius.com/4cb73fd1e86a44f861bc4ba694c17126.1000x1000x1.jpg,2012-04-30
4422297,Vacation from Myself,11038,https://genius.com/Logic-vacation-from-myself-lyrics,https://images.genius.com/03ff49f812de1c2f2276c9bdcf5fe3a6.638x638x1.png,2019-03-26
6948350,Vaccine,47438,https://genius.com/Logic-vaccine-lyrics,https://images.genius.com/05caa50730369ff488742b2192e6378e.1000x1000x1.jpg,2021-07-02
4927490,Vibe With Me,,https://genius.com/Logic-vibe-with-me-lyrics,https://images.genius.com/0f975524d106026e89de983689d007c4.900x900x1.jpg,None
5526100,Vows (Ft. John Lindahl),,https://genius.com/Logic-vows-lyrics,https://images.genius.com/0f975524d106026e89de983689d007c4.900x900x1.jpg,None
3050783,Waiting Room,86167,https://genius.com/Logic-waiting-room-lyrics,https://images.genius.com/6964783fbf7f2eca0619a3bc156512dc.1000x1000x1.png,2017-05-05
121312,Walk on By,148641,https://genius.com/Logic-walk-on-by-lyrics,https://images.genius.com/da76d57af3e6ee702af91bac2a18326a.1000x1000x1.jpg,2013-02-25
4539230,Wannabe,63422,https://genius.com/Logic-wannabe-lyrics,https://images.genius.com/b8bc3fc4f330e08a83f5fc20182b092f.1000x1000x1.png,2019-05-10
3565841,Warm It Up,304755,https://genius.com/Logic-warm-it-up-lyrics,https://images.genius.com/63c66d2062279080649c26b632183df5.1000x1000x1.jpg,2018-03-09
70006,War Vet,23453,https://genius.com/Logic-war-vet-lyrics,https://images.genius.com/84e1874561493e167539fd1b2657be36.700x700x1.jpg,2011-11-23
6034159,Waspy II (Ft. Logic),7443,https://genius.com/G-eazy-waspy-ii-lyrics,https://images.genius.com/443f037c8c55579a554be7022134be54.1000x1000x1.jpg,None
3565844,Wassup (Ft. Big Sean),205086,https://genius.com/Logic-wassup-lyrics,https://images.genius.com/63c66d2062279080649c26b632183df5.1000x1000x1.jpg,2018-03-09
6232902,Waving,,https://genius.com/Tae-beast-waving-lyrics,https://images.genius.com/3048a44d45c1ca0318daaeeee90854c1.558x558x1.jpg,2015-01-18
4539620,We Are Back,,https://genius.com/Logic-we-are-back-lyrics,https://images.genius.com/4e04e846b4aff1a67e3ae3cf60bedcf4.500x500x1.jpg,None
376570,We Ballin',5741,https://genius.com/Logic-we-ballin-lyrics,https://images.genius.com/0f975524d106026e89de983689d007c4.900x900x1.jpg,2011-02-24
73356,We Get High,154714,https://genius.com/Logic-we-get-high-lyrics,https://images.genius.com/4cb73fd1e86a44f861bc4ba694c17126.1000x1000x1.jpg,2012-04-30
149332,Welcome to Forever (Ft. Jon Bellion),204909,https://genius.com/Logic-welcome-to-forever-lyrics,https://images.genius.com/da76d57af3e6ee702af91bac2a18326a.1000x1000x1.jpg,2013-05-07
2899656,Wellaware,,https://genius.com/Logic-wellaware-lyrics,https://images.genius.com/0f975524d106026e89de983689d007c4.900x900x1.jpg,None
5648376,What I Know Now,,https://genius.com/Logic-what-i-know-now-lyrics,https://images.genius.com/0f975524d106026e89de983689d007c4.900x900x1.jpg,None
75818,What You Want,44802,https://genius.com/Logic-what-you-want-lyrics,https://images.genius.com/4cb73fd1e86a44f861bc4ba694c17126.1000x1000x1.jpg,2012-04-30
6572556,"When I Grow Up (Remix) (Ft. Eminem, Joyner Lucas & Logic)",,https://genius.com/Bulky-b-when-i-grow-up-remix-lyrics,https://assets.genius.com/images/default_cover_image.png?1628696109,2019-08-30
295759,"When the Lions Come (Ft. B.Keyz, Logic & Shy Grey)",73392,https://genius.com/Jon-bellion-when-the-lions-come-lyrics,https://images.genius.com/b242735f7f5caee82645d57df13bb9fc.1000x1000x1.jpg,2013-12-10
6617190,Where Did the Love Go (Ft. Brent Faiyaz & Logic),,https://genius.com/Cordae-where-did-the-love-go-lyrics,https://images.genius.com/c7d6e6c2372df32ba403edb5c9e723f9.640x640x1.jpg,None
2336567,Where You Been? (Ft. Logic),,https://genius.com/Michael-christmas-where-you-been-lyrics,https://images.genius.com/79402422f4cf6826eec9bee330f6b450.500x500x1.jpg,2015-10-23
404814,While You Wait,23964,https://genius.com/Logic-while-you-wait-lyrics,https://images.genius.com/9ecffbeadcbdb7bb2b4b4f02c040d9a1.500x500x1.jpg,2014-04-15
2343417,White People (Scene),44812,https://genius.com/Logic-white-people-scene-lyrics,https://images.genius.com/c634aa6628c02ec206119e6b849f5a02.1000x1000x1.jpg,2015-11-13
135520,Why Would I Lie,16076,https://genius.com/Logic-why-would-i-lie-lyrics,https://images.genius.com/646d03f37cdf5b66ef95c6ca341ba5fb.588x588x1.jpg,2009-01-01
2027606,Willing To Die (Ft. Logic & Suffa),29564,https://genius.com/Gin-wigmore-willing-to-die-lyrics,https://images.rapgenius.com/3bb113d15ec5c87210ba39f9a8dac323.600x600x1.jpg,2015-06-05
6622429,Will It,,https://genius.com/Logic-will-it-lyrics,https://images.genius.com/0f975524d106026e89de983689d007c4.900x900x1.jpg,None
5762179,With Love (Richard Vission Remix),,https://genius.com/Hilary-duff-with-love-richard-vission-remix-lyrics,https://images.genius.com/abcf2478ec9612ce61e589fe8e06a95c.359x359x1.jpg,2007-04-03
4926008,Witness (Get Down) (Ft. Damian Lemar Hudson),,https://genius.com/Logic-witness-get-down-lyrics,https://images.genius.com/0f975524d106026e89de983689d007c4.900x900x1.jpg,None
3565842,Wizard Of Oz,125451,https://genius.com/Logic-wizard-of-oz-lyrics,https://images.genius.com/63c66d2062279080649c26b632183df5.1000x1000x1.jpg,2018-03-09
84543,WordPlay,37232,https://genius.com/Logic-wordplay-lyrics,https://images.genius.com/0f21a1e2589d732e4a263527296e9f51.500x500x1.jpg,2010-12-17
333484,Words I Made Up II (Ft. Logic),,https://genius.com/Jaylatenites-words-i-made-up-ii-lyrics,https://images.genius.com/fac6c2412cbe160cb838c5bb363507f6.992x992x1.jpg,2013-01-01
73646,World Wide,25157,https://genius.com/Logic-world-wide-lyrics,https://images.genius.com/4cb73fd1e86a44f861bc4ba694c17126.1000x1000x1.jpg,2012-04-30
80202,World Wide (Ft. Logic),31265,https://genius.com/Shy-grey-world-wide-lyrics,https://images.genius.com/b61c4e2746d817c716cbbe0cc4de1aab.612x612x1.jpg,2012-07-06
99332,Worthy,14175,https://genius.com/Logic-worthy-lyrics,https://images.genius.com/0f21a1e2589d732e4a263527296e9f51.500x500x1.jpg,2010-12-17
2624385,Wrist (Ft. Pusha T),278422,https://genius.com/Logic-wrist-lyrics,https://images.genius.com/5fc9f492c02ef77c483c70d2655e7134.1000x1000x1.jpg,2016-06-21
4943010,Writing Room (Ft. Cordae),,https://genius.com/Logic-writing-room-lyrics,https://images.genius.com/c9502aab8e01173fff7e38b4ed8d394f.1000x1000x1.jpg,None
5948646,Writing Room* (Ft. Logic),,https://genius.com/Cordae-writing-room-lyrics,https://images.genius.com/c7d6e6c2372df32ba403edb5c9e723f9.640x640x1.jpg,None
3976795,"Wu Tang Forever (Ft. Cappadonna, Ghostface Killah, GZA, Inspectah Deck, Jackpot Scotty Wotty, Masta Killa, Method Man, Raekwon, RZA & U-God)",322270,https://genius.com/Logic-wu-tang-forever-lyrics,https://images.genius.com/167533ad40b7f1e21f676764358f8b69.1000x1000x1.png,2018-09-28
140732,XXL Freshman Freestyle: Logic,37435,https://genius.com/Logic-xxl-freshman-freestyle-logic-lyrics,https://images.genius.com/0f789841f35683899ac634daf282933d.670x913x1.jpg,2013-04-23
145649,"XXL Freshmen 2013 Cypher - Part 3 (Ft. Angel Haze, Dizzy Wright & Logic)",169252,https://genius.com/Xxl-xxl-freshmen-2013-cypher-part-3-lyrics,https://images.genius.com/a9868aaf3e8fa75f528e7f7c13223298.1000x563x1.jpg,2013-01-01
6344593,Yin Yang,,https://genius.com/F8l-yin-yang-lyrics,https://images.genius.com/1e375fa15a3a0f7262fed8c2977cc554.1000x1000x1.jpg,2021-01-05
2892121,You Can Count On Me (Ft. Logic),63176,https://genius.com/Ansel-elgort-you-can-count-on-me-lyrics,https://images.genius.com/726d9d52c919a223604ad44f9f8f4112.1000x1000x1.jpg,2017-06-02
455750,"Young, Broke, and Infamous",9937,https://genius.com/Logic-young-broke-and-infamous-lyrics,https://images.genius.com/0f21a1e2589d732e4a263527296e9f51.500x500x1.jpg,2010-12-17
149811,Young Jedi (Ft. Dizzy Wright),163975,https://genius.com/Logic-young-jedi-lyrics,https://images.genius.com/da76d57af3e6ee702af91bac2a18326a.1000x1000x1.jpg,2013-05-07
2312800,Young Jesus (Ft. Big Lenbo),491994,https://genius.com/Logic-young-jesus-lyrics,https://images.rapgenius.com/82be6c99d66c0aedcc27baf4eaee5758.1000x1000x1.jpg,2015-09-22
76237,Young Sinatra,89547,https://genius.com/Logic-young-sinatra-lyrics,https://images.genius.com/0f21a1e2589d732e4a263527296e9f51.500x500x1.jpg,2010-12-17
5269333,Young Sinatra 1-4 Continuous mix (Ft. AZ & Nas),,https://genius.com/Logic-young-sinatra-1-4-continuous-mix-lyrics,https://images.genius.com/0f975524d106026e89de983689d007c4.900x900x1.jpg,2018-09-28
62533,Young Sinatra II,108760,https://genius.com/Logic-young-sinatra-ii-lyrics,https://images.genius.com/6118bfdbbde22320e3c6bc130e1772d3.1000x1000x1.jpg,2011-08-15
64201,Young Sinatra III,251746,https://genius.com/Logic-young-sinatra-iii-lyrics,https://images.genius.com/9e4550262ffeceb594fdb67ba59980d4.1000x1000x1.jpg,2012-01-23
5154006,Young Visionary Freestyle Volume 1.,,https://genius.com/Everett-champion-young-visionary-freestyle-volume-1-lyrics,https://images.genius.com/ac50974026e2f5c1017204149e6fbfe3.939x939x1.png,2019-12-26
3976877,YSIV,247661,https://genius.com/Logic-ysiv-lyrics,https://images.genius.com/167533ad40b7f1e21f676764358f8b69.1000x1000x1.png,2018-09-28
3926036,YSIV Freestyle,47644,https://genius.com/Logic-ysiv-freestyle-lyrics,https://images.genius.com/0f975524d106026e89de983689d007c4.900x900x1.jpg,2018-08-28
3565838,Yuck,267346,https://genius.com/Logic-yuck-lyrics,https://images.genius.com/63c66d2062279080649c26b632183df5.1000x1000x1.jpg,2018-03-09
